id,text,label,group_id,source
rebuild-cb876bc0f0d3e9c0,근대 거리 답사 모임의 집결 장소가 옛 우체국 앞마당으로 변경됐습니다. 출발 시간과 답사 경로는 같습니다. 신청자에게 보낸 지도도 새 장소로 수정했습니다.,announcement,new-history_walk_meeting,team-added-synthetic:independent-scenarios-v2
rebuild-7069d5cbbfe068d1,학생 연구 발표 시간이 부족하다는 보고를 공유했다. 발표를 늘리는 대신 질문 시간을 별도 세션으로 나누기로 했다. 진행팀은 이동 시간까지 포함한 순서를 작성한다.,minutes,new-junior_research_presentation,team-added-synthetic:independent-scenarios-v2
rebuild-baa8974798b69585,과학 캠프의 화학 실험 교실이 환기 설비 점검으로 바뀝니다. 참가자는 새 교실 번호를 확인해 주세요. 집결 장소와 준비물 안내는 기존 내용과 같습니다.,announcement,new-science_camp_room_change,team-added-synthetic:independent-scenarios-v2
rebuild-70e6aa64015ebdca,표본 슬라이드는 라벨 방향을 맞춰 보관함에 넣습니다. 깨진 유리가 있으면 주변 표본을 먼저 분리합니다. 손상된 표본 번호를 기록하고 맨손으로 파편을 꺼내지 않습니다.,manual,new-microscope_slide_storage,team-added-synthetic:independent-scenarios-v2
rebuild-30a3b4776cfdc2fc,가로수 관리 회의에서 구간마다 급수 상태가 다르다는 보고가 있었다. 일괄 급수 횟수보다 토양 확인 결과를 참고하기로 했다. 현장팀은 건조 구간을 표시한다.,minutes,new-street_tree_irrigation,team-added-synthetic:independent-scenarios-v2
rebuild-42990d6afa5fe8f3,지원 신청서의 첨부 파일은 요구 목록 순서로 정리합니다. 파일별 제출 대상과 최신 수정일을 확인합니다. 초안과 최종본이 함께 있으면 제출할 판본을 명확하게 구분합니다.,manual,new-grant_attachment_order,team-added-synthetic:independent-scenarios-v2
rebuild-4d40d5aeedb962b0,현장 지점을 저장할 때 위치 수신 상태를 먼저 확인합니다. 지점 이름과 관찰 내용을 함께 입력합니다. 수신이 불안정하면 주변 환경을 기록하고 정확한 위치로 단정하지 않습니다.,manual,new-handheld_gps_waypoint,team-added-synthetic:independent-scenarios-v2
rebuild-8f761298e2da560a,비행이 끝난 배터리는 열이 식은 뒤 외관을 점검한다. 부풀거나 손상된 배터리는 충전하지 않는다. 보관 조건은 해당 장비의 지침을 확인하고 상태별로 분리한다.,manual,new-drone_battery_storage,team-added-synthetic:independent-scenarios-v2
rebuild-de0a967754bc7113,마을 씨앗 교환회가 토요일 농업교육관에서 열립니다. 출처를 기록한 자가 채종 씨앗만 받으며 판매는 진행하지 않습니다. 남은 씨앗은 제출자가 가져가 주세요.,announcement,new-farm_seed_exchange,team-added-synthetic:independent-scenarios-v2
rebuild-476853bcae915d6c,기숙사 방문객 등록 창구가 이번 학기부터 관리동으로 통합됩니다. 방문 전 입주자가 출입 신청을 해 주세요. 야간 방문 가능 시간은 게시된 규정을 확인해야 합니다.,announcement,new-dormitory_guest_rule,team-added-synthetic:independent-scenarios-v2
rebuild-833b91d1b17cf835,지역 구술 기록의 인터뷰 참여자를 모집합니다. 녹음 공개 범위는 참여자가 동의한 항목에 따라 정합니다. 신청 뒤 사전 설명을 듣고 참여 여부를 결정할 수 있습니다.,announcement,new-oral_history_recruitment,team-added-synthetic:independent-scenarios-v2
rebuild-3f304754e898f2d2,주민 연극 제작비 검토에서 무대 장치 임대비가 예상보다 크다는 보고가 있었다. 배우 출연료를 줄이는 안은 채택하지 않았다. 기존 장치를 재사용할 수 있는지 무대팀이 살펴보기로 했다.,minutes,new-community_theater_budget,team-added-synthetic:independent-scenarios-v2
rebuild-3aa46a10e80da139,안내문을 번역할 때 날짜와 장소 이름을 원문과 대조합니다. 신청 조건이 빠지지 않았는지 확인합니다. 해석이 갈리는 문구는 임의로 단순화하지 말고 작성 부서에 확인합니다.,manual,new-public_notice_translation,team-added-synthetic:independent-scenarios-v2
rebuild-5dc927c32757ff6d,입주 작가 심사에서 활동 분야별 자료 형식 차이를 논의했다. 제출 영상 길이만으로 평가하지 않기로 했다. 심사위원은 공통 평가 항목을 다시 정리한다.,minutes,new-art_residency_selection,team-added-synthetic:independent-scenarios-v2
rebuild-38fd65c2a2643096,점자 표식이 떨어지면 위치와 표식 내용을 먼저 기록한다. 새 표식의 내용을 확인한 뒤 지정된 위치에 붙인다. 임의로 돌출 점의 배열을 만들어 대신하지 않는다.,manual,new-tactile_marker_repair,team-added-synthetic:independent-scenarios-v2
rebuild-d849d6a883fa7336,면담 기록을 공유하기 전 이름과 연락처를 표시합니다. 공개 동의 범위와 대조해 가릴 항목을 정합니다. 원본은 별도로 보관하고 공개용 사본에서만 삭제 작업을 수행합니다.,manual,new-meeting_transcript_redaction,team-added-synthetic:independent-scenarios-v2
rebuild-b2f5093a49f960d3,지역 풍경 사진 공모의 접수 마감을 연장합니다. 이미 제출한 작품은 다시 올리지 않아도 됩니다. 작품 교체를 원하면 기존 접수번호로 수정 신청해 주세요.,announcement,new-photo_contest_extension,team-added-synthetic:independent-scenarios-v2
rebuild-7f70acd996097827,납땜 작업이 끝나면 인두를 거치대에 놓고 전원을 끈다. 충분히 식은 뒤 작업대 주변을 정리한다. 다음 이용자가 뜨거운 장비를 만지지 않도록 상태를 표시한다.,manual,new-soldering_station_shutdown,team-added-synthetic:independent-scenarios-v2
rebuild-7f22272e7191b544,새 광장 조형물의 설치 위치에 대한 시민 의견을 받습니다. 온라인 지도에서 의견을 남길 위치를 선택할 수 있습니다. 제출된 의견은 검토 자료로 사용하며 설치 위치를 바로 확정하지 않습니다.,announcement,new-public_art_feedback,team-added-synthetic:independent-scenarios-v2
rebuild-42dbe750f382f155,문화센터 전력 사용량 검토에서 사용하지 않는 교실의 장비가 켜져 있다는 보고가 있었다. 퇴실 점검 항목에 장비 종료 확인을 넣기로 했다. 시설팀은 변경 뒤 사용량을 비교한다.,minutes,new-cultural_center_energy,team-added-synthetic:independent-scenarios-v2
rebuild-cf0bb3f3fbb36ff0,주민 설명회 통역의 전문 용어 전달 문제를 검토했다. 발표자와 통역자가 행사 전에 용어 목록을 대조하기로 했다. 통역 담당은 모호한 표현을 미리 질문한다.,minutes,new-community_oral_translation,team-added-synthetic:independent-scenarios-v2
rebuild-07fe2cb534fca855,학회 포스터 관람 통로의 혼잡을 논의했다. 발표자 대기 위치를 통로 바깥으로 옮기기로 했다. 행사팀은 이동 보조기 이용자의 접근 공간을 점검한다.,minutes,new-conference_poster_access,team-added-synthetic:independent-scenarios-v2
rebuild-0510d7c447c00ae2,체육 시설 예약이 특정 모임에 집중되는 문제를 논의했다. 기존 확정 예약은 유지하고 새 신청부터 단체별 이용 횟수를 확인하기로 했다. 운영자는 변경 기준을 문서화한다.,minutes,new-sports_court_reservation,team-added-synthetic:independent-scenarios-v2
rebuild-0f3d022f73dca6ee,공동 농장의 물 사용 순서에 대해 각 구역의 의견을 들었다. 면적만이 아니라 작물 상태도 배분에 반영하기로 했다. 관리자는 다음 주 사용 기록을 모아 기준을 검토한다.,minutes,new-farm_water_allocation,team-added-synthetic:independent-scenarios-v2
rebuild-3f202f1814d47eb2,훼손 도서의 재제본 작업으로 일부 자료의 예약 대출이 지연됩니다. 대상 자료의 신청자에게 예상 제공일을 개별 안내합니다. 다른 책의 대출 업무는 정상 운영합니다.,announcement,new-library_binding_delay,team-added-synthetic:independent-scenarios-v2
rebuild-dfb2685621927661,저온 운반 상자를 닫기 전에 시료명과 보관 조건을 외부에 붙인다. 온도 기록 장치의 시작 시각을 확인한다. 냉매와 시료가 직접 닿지 않도록 분리한 뒤 봉인한다.,manual,new-ice_box_labeling,team-added-synthetic:independent-scenarios-v2
rebuild-c63f581b3f32f0a9,마을 순환버스의 새 노선을 다음 주에 시험 운행합니다. 시험 기간에는 안내된 정류장에서만 승하차할 수 있습니다. 정식 운행 여부는 이용 결과를 검토한 뒤 알립니다.,announcement,new-community_bus_trial,team-added-synthetic:independent-scenarios-v2
rebuild-772ffc5eb8912a0f,음성 기록을 등록할 때 녹음 날짜와 참여자를 입력한다. 파일명만으로 참여자 이름을 추측하지 않는다. 녹음에 포함된 공개 제한 사항을 확인한 뒤 재생 권한을 설정한다.,manual,new-audio_clip_metadata,team-added-synthetic:independent-scenarios-v2
rebuild-ac80876406f5ecf4,과학실 장비 정리에서 사용하지 않는 부품이 섞여 있다는 보고를 들었다. 장비별 호환 여부를 확인한 뒤 분류하기로 했다. 확인되지 않은 부품은 별도 상자에 보관한다.,minutes,new-school_science_storage,team-added-synthetic:independent-scenarios-v2
rebuild-bbb72775ea35899e,학생 상담실의 방학 접수 시간이 평일 오후로 조정됩니다. 이미 확정된 상담 예약은 변경하지 않습니다. 신규 예약은 안내된 연락처로 신청해 주세요.,announcement,new-student_counseling_hours,team-added-synthetic:independent-scenarios-v2
rebuild-0bbbe8fcba874d6e,식당 메뉴 반복에 관한 설문 결과를 공유했다. 메뉴 수를 무조건 늘리기보다 같은 주의 조리 방식이 겹치지 않도록 조정하기로 했다. 영양 담당이 수정안을 작성한다.,minutes,new-canteen_menu_rotation,team-added-synthetic:independent-scenarios-v2
rebuild-9fdeac5fea7e63b9,목공 체험의 참여 연령 기준을 확인할 수 있도록 신청 화면을 개편했습니다. 어린이 프로그램은 보호자 동반 항목을 선택해 주세요. 성인 장비 교육 신청과는 별개입니다.,announcement,new-makerspace_age_requirement,team-added-synthetic:independent-scenarios-v2
rebuild-7de0d55302114401,행사장에서 사용한 다회용 컵의 반환함을 북쪽 출구에도 설치했습니다. 내용물을 비우고 반환함에 넣어 주세요. 개인 컵은 수거하지 않습니다.,announcement,new-reusable_cup_collection,team-added-synthetic:independent-scenarios-v2
rebuild-b12bdd04892a2bd9,체험 수업 참가비 산정에서 재료 선택에 따른 비용 차이가 논의됐다. 기본 참가비와 선택 재료비를 구분하기로 했다. 회계 담당이 신청 화면의 표시안을 검토한다.,minutes,new-public_workshop_fee,team-added-synthetic:independent-scenarios-v2
rebuild-3af5983d4961c9ca,축제 쓰레기 처리 논의에서 분리배출함을 늘리는 안과 안내 인력을 늘리는 안을 비교했다. 혼잡 구역에 안내 인력을 우선 배치하기로 했다. 배출함 추가는 현장 결과를 본 뒤 판단한다.,minutes,new-festival_waste_station,team-added-synthetic:independent-scenarios-v2
rebuild-9ba5edb291af01d0,해안 위험 안내판의 문구가 길어 읽기 어렵다는 의견을 들었다. 핵심 위험과 행동 안내를 먼저 보이게 바꾸기로 했다. 기존 법정 표시는 삭제하지 않기로 했다.,minutes,new-coastal_warning_sign,team-added-synthetic:independent-scenarios-v2
rebuild-db557e94b08e732a,어린이 캠프 참가자는 식품 알레르기 확인서를 출발 전까지 제출해 주세요. 이미 제출한 내용에 변경이 있으면 담당자에게 알립니다. 확인서는 급식 준비에만 사용합니다.,announcement,new-food_allergy_form,team-added-synthetic:independent-scenarios-v2
rebuild-281f47a9fd61bd0f,언어 교류 모임에서 일부 참가자가 대화를 독점한다는 의견이 나왔다. 강제 발표 시간을 두기보다 작은 그룹을 바꾸는 방식을 시험하기로 했다. 진행자가 다음 회차의 조 편성을 맡는다.,minutes,new-language_exchange_moderation,team-added-synthetic:independent-scenarios-v2
rebuild-4995da35f8958bce,기록물 제목의 표기가 서로 달라 검색이 어렵다는 보고를 검토했다. 원제목은 보존하고 검색용 표준 표기를 별도 항목에 넣기로 했다. 정리팀이 예시를 만들어 확인받는다.,minutes,new-archive_catalog_consistency,team-added-synthetic:independent-scenarios-v2
rebuild-7dce8e1d648a36c6,해안 정화 활동의 집결 시간이 조수 일정에 맞춰 앞당겨졌습니다. 참가자에게 변경 시간을 문자로 안내했습니다. 안전 장비는 현장에서 지급합니다.,announcement,new-coastal_cleanup,team-added-synthetic:independent-scenarios-v2
rebuild-6630d15948a27533,기상 관측소 공개 방문일에는 사전 신청자만 장비 구역에 들어갈 수 있습니다. 동반 인원이 바뀌면 방문 전 담당자에게 알려 주세요. 일반 전망 구역은 예약 없이 이용합니다.,announcement,new-weather_station_open_day,team-added-synthetic:independent-scenarios-v2
rebuild-6c3d07a8c59dc33c,로봇 동아리의 배터리 충전 관리 문제를 검토했다. 무인 충전을 중단하고 지정 담당자가 충전 상태를 확인하기로 했다. 장비 담당이 보관 위치와 기록 서식을 정한다.,minutes,new-robotics_club_safety,team-added-synthetic:independent-scenarios-v2
rebuild-04e04e320be97a52,주민회의 참석률이 낮은 이유를 논의했다. 저녁 시간대 확대와 주말 회의를 비교한 뒤 한 차례 주말 개최를 시험하기로 했다. 기록 담당은 참석자 구성을 비교한다.,minutes,new-community_meeting_time,team-added-synthetic:independent-scenarios-v2
rebuild-a9f5c4bf8d41e592,공동 조리실 저녁 이용 시간이 다음 달부터 한 시간 앞당겨집니다. 기존 예약자는 변경된 시간을 확인해 주세요. 예약을 유지하기 어려운 분은 운영실에 연락하실 수 있습니다.,announcement,new-community_kitchen_change,team-added-synthetic:independent-scenarios-v2
rebuild-9c86617ea298a5e2,행사 준비 점검에서는 비상구 문이 열리는지 확인합니다. 통로에 놓인 물품은 지정 보관 장소로 옮깁니다. 출입구가 잠겨 있으면 임의로 운영을 시작하지 않고 시설 담당자에게 알립니다.,manual,new-emergency_exit_check,team-added-synthetic:independent-scenarios-v2
rebuild-af952765b2ad86aa,주민 모임은 비를 피할 공간이 없는 정류장에 대한 의견을 모았다. 모든 정류장을 한꺼번에 바꾸기보다 이용자가 많은 곳부터 현장 조사하기로 했다. 조사 결과를 다음 회의에서 검토한다.,minutes,new-neighborhood_rain_shelter,team-added-synthetic:independent-scenarios-v2
rebuild-d0fcb8592ef88e7f,배포 문서를 PDF로 저장한 뒤 읽기 순서를 확인합니다. 표의 제목과 열 제목이 연결됐는지 점검합니다. 이미지 안에만 들어 있는 핵심 정보는 읽을 수 있는 본문에도 적습니다.,manual,new-accessible_pdf_export,team-added-synthetic:independent-scenarios-v2
rebuild-2274858c7a1a6ff4,광장 공연의 음향 점검이 금요일 오후에 진행됩니다. 주변 상점과 방문객께 일시적인 소음이 발생할 수 있음을 알립니다. 본 공연은 토요일 예정대로 개최합니다.,announcement,new-festival_sound_check,team-added-synthetic:independent-scenarios-v2
rebuild-3e9f3bf451ece6db,청소년센터 무선 인터넷 장비 점검으로 오늘 오후 일부 구역에서 연결이 끊길 수 있습니다. 유선 연결이 필요한 활동은 미디어실에 문의해 주세요. 점검이 끝나면 현장 게시판에 알립니다.,announcement,new-public_wifi_maintenance,team-added-synthetic:independent-scenarios-v2
rebuild-bc484700e2f5cd2f,대여 태블릿 반납 후 개인 계정이 남아 있는지 확인합니다. 정해진 초기화 절차를 수행하고 기본 화면을 점검합니다. 다음 대여 전에 이전 이용자의 자료가 보이지 않는지 확인합니다.,manual,new-shared_tablet_reset,team-added-synthetic:independent-scenarios-v2
rebuild-df1f23986faa65b5,전시장에 조용한 관람 시간을 시범 도입합니다. 해당 시간에는 안내 방송과 일부 효과음을 줄입니다. 작품 조명과 기본 안내 인력은 그대로 유지합니다.,announcement,new-exhibition_quiet_hours,team-added-synthetic:independent-scenarios-v2
rebuild-f5ce2426223afbe5,소음 측정은 기기 설정과 측정 위치를 먼저 기록한다. 손으로 마이크 부분을 가리지 않는다. 주변의 일시적인 충격음은 발생 시각을 적어 결과 해석 때 구분한다.,manual,new-sound_level_measure,team-added-synthetic:independent-scenarios-v2
rebuild-f63b95ce6095fa40,방문객 의견에 답변이 늦다는 보고를 검토했다. 접수 확인과 실제 처리 답변을 나누어 안내하기로 했다. 담당자는 미처리 의견 목록을 주마다 갱신한다.,minutes,new-visitor_feedback_response,team-added-synthetic:independent-scenarios-v2
rebuild-49b326d9e6d3f14e,보호 동물 임시 보호 설명회를 일요일에 진행합니다. 아직 참여를 결정하지 않은 분도 참석할 수 있습니다. 설명회 신청과 실제 임시 보호 신청은 별도로 받습니다.,announcement,new-pet_foster_briefing,team-added-synthetic:independent-scenarios-v2
rebuild-8a99d4177e8fd06e,순회 전시의 운송 상자 손상 기록을 검토했다. 상자 전면 교체 대신 취약한 모서리를 보강하기로 했다. 보존팀이 보강 시안을 시험한다.,minutes,new-exhibition_travel_cases,team-added-synthetic:independent-scenarios-v2
rebuild-cb5e5be6a2401daf,구술 기록 공개 범위를 검토하면서 가족 이름이 포함된 부분에 대한 우려가 제기됐다. 동의가 확인된 구간만 공개하기로 했다. 미확인 구간은 기록팀이 추가 동의를 요청한다.,minutes,new-oral_history_publication,team-added-synthetic:independent-scenarios-v2
rebuild-bc898a530976a87b,강풍 예보로 내일 숲 해설 프로그램을 운영하지 않습니다. 신청자에게는 다음 일정의 신청 방법을 문자로 보냅니다. 개별 산책로 개방 여부는 공원 공지를 확인해 주세요.,announcement,new-forest_program_cancel,team-added-synthetic:independent-scenarios-v2
rebuild-7f1230c5ed5bb44d,기록 사진을 찍을 때 첫 화면에 색 기준표를 포함합니다. 조명 조건을 바꿨다면 기준표 사진을 다시 남깁니다. 비교 작업에는 같은 조명에서 촬영한 자료를 사용합니다.,manual,new-photo_color_reference,team-added-synthetic:independent-scenarios-v2
rebuild-d8dcd75bdd78ae33,하천 산책로의 목교 교체로 동쪽 구간 통행을 잠시 제한합니다. 운동장 쪽 우회로는 열려 있습니다. 공사 종료일은 현장 점검 후 다시 안내합니다.,announcement,new-park_detour,team-added-synthetic:independent-scenarios-v2
rebuild-c2883bda52f37d5c,공동 실험실 신규 이용자 교육은 다음 주 화요일에 열립니다. 교육을 마친 뒤 이용 권한 심사를 신청할 수 있습니다. 참석만으로 장비 사용 승인이 완료되는 것은 아닙니다.,announcement,new-laboratory_orientation,team-added-synthetic:independent-scenarios-v2
rebuild-7e90126e454e0e53,기부 경매 출품작을 금요일부터 사흘간 미리 관람할 수 있습니다. 사전 관람에서는 응찰을 받지 않습니다. 경매 참여 방법은 작품 안내문에 별도로 표시합니다.,announcement,new-charity_auction_preview,team-added-synthetic:independent-scenarios-v2
rebuild-7e229637e728c9cd,작은 유물을 받침에 올릴 때 접촉 면의 완충재를 점검한다. 받침 고정 장치를 유물에 직접 붙이지 않는다. 진동 시험은 빈 받침에서 먼저 진행한다.,manual,new-museum_object_mount,team-added-synthetic:independent-scenarios-v2
rebuild-066d23727fde61b9,공동 텃밭 도구의 계절 정리일을 다음 주 토요일로 정했습니다. 대여 중인 도구는 그 전날까지 반환해 주세요. 개인 소유 도구는 수거 대상이 아닙니다.,announcement,new-garden_tool_return_day,team-added-synthetic:independent-scenarios-v2
rebuild-34a1d801bede8691,향토 자료의 보관 공간이 부족하다는 보고를 공유했다. 자료를 바로 폐기하지 않고 중복 판본과 이용 상태를 먼저 조사하기로 했다. 자료팀은 조사 목록을 다음 달에 제출한다.,minutes,new-library_local_collection,team-added-synthetic:independent-scenarios-v2
rebuild-541e2e802dd55278,계절 근무자의 업무 인계가 부족하다는 보고를 검토했다. 첫날 교육에 현장 동행 시간을 포함하기로 했다. 각 부서는 반드시 확인할 업무 목록을 제출한다.,minutes,new-seasonal_worker_orientation,team-added-synthetic:independent-scenarios-v2
rebuild-8b66ce855dbc02ef,토양 시료는 번호별로 서로 떨어진 용기에 놓는다. 건조 시작 시각과 사용 조건을 기록한다. 시료가 섞인 경우 번호를 추측해 붙이지 않고 재확인 대상으로 분리한다.,manual,new-soil_sample_drying,team-added-synthetic:independent-scenarios-v2
rebuild-cabde7d08d3cd590,지역 역사 지도의 수록 범위를 논의했다. 유명 건물만 넣지 않고 생활사 장소도 포함하기로 했다. 조사팀은 확인된 자료와 주민 증언을 구분해 초안을 작성한다.,minutes,new-local_history_map_scope,team-added-synthetic:independent-scenarios-v2
rebuild-f1d822dc97f041d9,시설 열쇠를 빌릴 때 열쇠 번호와 대여자의 확인 정보를 남긴다. 반납 시에는 같은 번호인지 대조한다. 열쇠가 없으면 반납 완료로 처리하지 않고 분실 보고 절차를 진행한다.,manual,new-key_checkout,team-added-synthetic:independent-scenarios-v2
rebuild-0bc2c69dc33c1b6f,소식지를 게시하기 전에 제목의 순서를 확인한다. 사진에는 내용에 맞는 대체 설명을 입력한다. 링크는 주소 자체보다 이동할 자료의 이름을 표시하고 키보드로 이동 가능한지 점검한다.,manual,new-newsletter_accessibility,team-added-synthetic:independent-scenarios-v2
rebuild-fdb1cff875eb3a56,촬영 원본을 복사한 뒤 파일 수와 검증값을 비교한다. 복사 실패 항목이 있으면 원본을 지우지 않는다. 확인이 끝난 사본에만 백업 완료 표시를 붙인다.,manual,new-video_backup_checksum,team-added-synthetic:independent-scenarios-v2
rebuild-ae0175906762ffc6,건물 급수관 점검으로 수요일 오전 급수가 중단됩니다. 방문객은 1층 안내실의 대체 화장실 정보를 확인해 주세요. 작업 지연 시 복구 시간을 추가 안내합니다.,announcement,new-water_cut_building,team-added-synthetic:independent-scenarios-v2
rebuild-70c2dbb5aa211c3e,휴대용 프로젝터는 전원을 연결하기 전에 투사면을 향해 수평으로 놓는다. 케이블을 꽂은 뒤 입력 신호를 선택하고 초점을 맞춘다. 화면이 찌그러지면 설치 위치부터 조정한다.,manual,new-portable_projector_setup,team-added-synthetic:independent-scenarios-v2
rebuild-3ca1491b8e721bb8,학생 멘토 배정에서 신청 분야와 실제 상담 내용이 다르다는 보고가 있었다. 첫 상담 뒤 배정을 조정할 수 있게 하기로 했다. 담당자는 재배정 요청 경로를 마련한다.,minutes,new-student_mentor_matching,team-added-synthetic:independent-scenarios-v2
rebuild-0e6ec05b203540a8,방문객 사고 기록에는 확인한 사실과 전해 들은 내용을 구분해 적습니다. 현장 조치와 연락 시각을 순서대로 남깁니다. 원인을 알 수 없으면 추측 대신 미확인으로 표시합니다.,manual,new-visitor_incident_log,team-added-synthetic:independent-scenarios-v2
rebuild-670862370a791e8a,박물관 음성 안내 기기를 이번 주말부터 안내 데스크에서 대여합니다. 개인 이어폰을 사용할 수 있으며 대여 기기는 관람 종료 전에 반납해 주세요. 별도 예약은 받지 않습니다.,announcement,new-museum_audio_loan,team-added-synthetic:independent-scenarios-v2
rebuild-04516886b1dd2d53,연구단지 정기 출입 차량 등록 갱신을 다음 주까지 받습니다. 소속 부서에서 차량 정보를 확인한 뒤 신청해 주세요. 갱신하지 않은 차량의 출입 처리 기준은 관리실에 문의 바랍니다.,announcement,new-vehicle_access_pass,team-added-synthetic:independent-scenarios-v2
rebuild-7907f749c57b6f3b,고령 이용자를 위한 휴대전화 기초 수업을 다음 달에 시작합니다. 본인 기기가 없어도 신청할 수 있습니다. 대여 기기가 필요한 분은 신청 때 알려 주세요.,announcement,new-senior_digital_class,team-added-synthetic:independent-scenarios-v2
rebuild-70d8c80b17b39de4,버스 시간표 안내가 실제 운행과 다르다는 주민 의견을 살펴봤다. 운행 담당자에게 최신 정보를 확인한 뒤 안내판을 갱신하기로 했다. 확인 전 임의로 시간을 수정하지 않는다.,minutes,new-local_bus_information,team-added-synthetic:independent-scenarios-v2
rebuild-3dd3005ab188abc5,입장권 재출력은 기존 발급 번호를 조회한 뒤 진행합니다. 사용 여부를 확인하고 새 출력 기록을 남깁니다. 재출력한 입장권을 새 판매 건으로 등록하지 않습니다.,manual,new-museum_ticket_reprint,team-added-synthetic:independent-scenarios-v2
rebuild-bbfbda388c4405b6,이동 경사로는 사용 위치의 높이 차이와 허용 하중을 확인한 뒤 선택한다. 양끝이 움직이지 않는지 고정 상태를 점검한다. 통로를 막지 않도록 안내 표시를 함께 배치한다.,manual,new-portable_ramp_install,team-added-synthetic:independent-scenarios-v2
rebuild-f7b3e16954b2875a,시민 천문 관측회 신청을 이번 주 수요일 낮부터 받습니다. 망원경 사용 경험이 없어도 참여할 수 있으며 미성년자는 보호자와 함께 신청해 주세요. 우천 시 운영 여부는 행사 당일에 알립니다.,announcement,new-observatory_registration,team-added-synthetic:independent-scenarios-v2
rebuild-861e23b32a26041e,공방 재료의 소유자가 불명확하다는 문제를 검토했다. 개인 재료와 공동 재료를 선반별로 구분하기로 했다. 오래된 재료를 바로 폐기하는 안은 보류했다.,minutes,new-makerspace_material_storage,team-added-synthetic:independent-scenarios-v2
rebuild-4fdb32bf660eccc3,주민 설명회에 수어 통역과 문자 통역이 제공됩니다. 통역이 보이는 좌석을 필요한 분께 우선 배정합니다. 일반 참석 신청은 기존 안내에 따라 진행해 주세요.,announcement,new-language_interpretation,team-added-synthetic:independent-scenarios-v2
rebuild-ef3d03bcd07fe7fd,토양 수분 측정기는 사용 전 탐침의 오염을 닦습니다. 표시된 깊이까지 천천히 꽂고 수치가 안정될 때 기록합니다. 같은 지점의 반복 측정은 처음 구멍에서 떨어진 위치에서 실시합니다.,manual,new-soil_moisture_measure,team-added-synthetic:independent-scenarios-v2
rebuild-467fa0b40d4df7ef,새 비품을 등록할 때 물품 번호와 바코드를 먼저 연결합니다. 기존 번호가 조회되면 새 번호를 만들지 않고 등록 이력을 확인합니다. 최종 위치를 입력한 뒤 저장 결과를 다시 조회합니다.,manual,new-barcode_inventory,team-added-synthetic:independent-scenarios-v2
rebuild-9dcc76639c82671b,문서를 스캔한 뒤 가장자리가 잘리지 않았는지 확인한다. 접힌 부분이 있으면 펼칠 수 있는 상태인지 보존 담당자에게 묻는다. 원문을 손상시킬 위험이 있으면 다시 촬영하지 않는다.,manual,new-digital_scan_crop,team-added-synthetic:independent-scenarios-v2
rebuild-ab4c8f1f3e95a470,악기 대여 반납 검사에서 담당자별 판단 차이가 논의됐다. 사진 기록과 확인 항목을 함께 쓰기로 했다. 경미한 사용 흔적의 구분 기준은 추가 검토한다.,minutes,new-instrument_rental_inspection,team-added-synthetic:independent-scenarios-v2
rebuild-7d64b2464e6edbbc,대화 모임의 신청 인원이 정원을 넘어 대기 신청을 받습니다. 빈자리가 생기면 접수 순서대로 연락합니다. 대기 신청을 마쳤다고 참가가 확정되지는 않습니다.,announcement,new-language_cafe_waitlist,team-added-synthetic:independent-scenarios-v2
rebuild-4edf67d12e2d6900,유약 시험편에는 배합 번호를 소성 전 표시한다. 서로 다른 배합을 같은 도구로 다룰 때는 도구를 씻고 건조한다. 소성 결과 사진에 시험편 번호가 보이게 기록한다.,manual,new-ceramic_glaze_sample,team-added-synthetic:independent-scenarios-v2
rebuild-10e8811619b45615,열람 좌석의 장시간 비움 문제를 논의했다. 일괄 예약 취소 대신 현장 확인 절차를 시험하기로 했다. 운영팀은 시험 기간의 민원 기록을 다음 회의에 보고한다.,minutes,new-library_seat_policy,team-added-synthetic:independent-scenarios-v2
rebuild-af534517d39512ff,회의실 사용 전 창문과 환기 장치 상태를 확인합니다. 장치에서 이상 소리가 나면 작동을 멈추고 시설 담당자에게 알립니다. 이용 후 점검 결과와 이상 여부를 기록합니다.,manual,new-meeting_room_ventilation,team-added-synthetic:independent-scenarios-v2
rebuild-f23aa1d97d4a0a19,디지털 기록 검색에서 제목을 모르면 자료를 찾기 어렵다는 의견이 나왔다. 장소와 활동 분야 검색 항목을 추가하기로 했다. 개발 담당은 기존 분류 정보의 누락을 먼저 확인한다.,minutes,new-digital_archive_search,team-added-synthetic:independent-scenarios-v2
rebuild-c7eec89671eea341,보호소 동물의 놀이 시간 운영을 검토했다. 모든 동물에게 같은 활동을 적용하지 않기로 했다. 담당자는 개체별 반응을 기록하고 적합한 활동을 정한다.,minutes,new-animal_shelter_enrichment,team-added-synthetic:independent-scenarios-v2
rebuild-edcd709720f0ba3d,행사장 통로를 가로지르는 전선은 지정 덮개 안에 넣습니다. 덮개가 바닥에서 움직이지 않는지 확인합니다. 휠체어 이동에 걸리는 높이가 생기면 배선 경로를 다시 정합니다.,manual,new-public_event_cable_cover,team-added-synthetic:independent-scenarios-v2
rebuild-fc137c5cbba9a659,시 기록물 디지털화 사업으로 일부 원문 이미지가 임시로 열리지 않습니다. 목록 정보는 계속 검색할 수 있습니다. 원문 제공이 필요한 분은 자료실에 요청해 주세요.,announcement,new-city_archive_digitization,team-added-synthetic:independent-scenarios-v2
rebuild-24f13f1c2ee82374,공원 화단 식물 선정에서 관리 비용과 개화 기간을 비교했다. 여러 계절에 꽃이 피도록 식재 구역을 나누기로 했다. 원예 담당이 후보 식물 목록을 작성한다.,minutes,new-public_garden_species,team-added-synthetic:independent-scenarios-v2
rebuild-1567548e8b4fa8f4,과학 발표회 심사 기준에서 발표 숙련도가 결과를 좌우한다는 의견이 나왔다. 관찰 과정 기록의 비중을 높이기로 했다. 심사표 개정안은 교육팀이 마련한다.,minutes,new-science_fair_judging,team-added-synthetic:independent-scenarios-v2
rebuild-f2c284b071473e33,보건소 예방접종실 입구가 내부 공사 기간에 서쪽 출입문으로 바뀝니다. 접종 예약은 취소되지 않습니다. 휠체어 이용자는 안내 직원의 도움을 요청할 수 있습니다.,announcement,new-clinic_construction,team-added-synthetic:independent-scenarios-v2
rebuild-e363402a395eb365,도예실 가마의 전기 점검으로 이번 주 소성 접수를 중단합니다. 접수해 둔 작품은 담당자가 보관 상태를 확인합니다. 다시 접수를 받는 날짜는 점검 후 공지합니다.,announcement,new-ceramics_kiln_shutdown,team-added-synthetic:independent-scenarios-v2
rebuild-80e9f6202d7e933a,"퇴비를 뒤집기 전에 중심부의 상태를 확인합니다. 작업 도구와 보호 장비를 준비한 뒤 구역별로 섞습니다. 작업 날짜와 확인한 온도, 이상 냄새 여부를 기록합니다.",manual,new-compost_turning_log,team-added-synthetic:independent-scenarios-v2
rebuild-fd921000c99f6cea,주민회관 지붕 태양광 설비를 점검하는 동안 옥상 출입을 제한합니다. 실내 프로그램은 계속 진행합니다. 임시 자재 적치 구역에는 들어가지 말아 주세요.,announcement,new-solar_roof_inspection,team-added-synthetic:independent-scenarios-v2
rebuild-61e8a6fb8df213f1,시료를 인계할 때는 봉인 번호를 인계서와 대조합니다. 서로 다른 번호가 보이면 전달을 멈추고 채취 담당자에게 확인합니다. 인수자와 인계자가 확인한 시각을 같은 서식에 남깁니다.,manual,new-sample_chain_of_custody,team-added-synthetic:independent-scenarios-v2
rebuild-3f6e8d138b8a847d,공동 세탁실의 야간 소음 민원을 검토했다. 참석자들은 운영 종료를 앞당기기 전에 방진 장치를 시험하기로 했다. 시설 담당은 설치 비용과 시험 일정을 정리한다.,minutes,new-public_laundry_hours,team-added-synthetic:independent-scenarios-v2
rebuild-4cd3a9836610cab7,교내 헌혈 차량의 정차 장소가 본관 앞에서 체육관 주차장으로 바뀌었습니다. 신청 시간은 그대로 유지됩니다. 방문 시 본인 확인이 가능한 신분증을 지참해 주세요.,announcement,new-blood_drive_location,team-added-synthetic:independent-scenarios-v2
rebuild-ef6287e4ddb80003,정수 장치의 필터를 바꾸기 전에 급수 밸브를 잠급니다. 모델에 맞는 교체 부품인지 번호를 대조합니다. 장착 뒤 안내된 시험 운전을 하고 누수가 없는지 확인합니다.,manual,new-water_filter_change,team-added-synthetic:independent-scenarios-v2
rebuild-f9d0ff77fd1063c9,출석 기록을 수정할 때 원래 값과 수정 근거를 남깁니다. 명단에 없는 이름은 담당 교사에게 확인합니다. 확인되지 않은 출석을 다른 학생의 기록으로 대신하지 않습니다.,manual,new-class_attendance_correction,team-added-synthetic:independent-scenarios-v2
rebuild-028157c0c1570a6a,자원봉사 교육 내용이 신규 참여자에게 어렵다는 보고가 있었다. 기본 안내와 전문 장비 교육을 분리하기로 했다. 교육팀은 기존 참여자의 재교육 대상도 함께 정리한다.,minutes,new-volunteer_training_split,team-added-synthetic:independent-scenarios-v2
rebuild-68b95be76878c72a,조류 관찰 수를 집계할 때 같은 개체가 이동했는지 관찰 시간을 비교한다. 중복 여부를 판단할 수 없으면 불확실한 개체 수를 별도로 기록한다. 확정 수와 추정 수를 한 값으로 합치지 않는다.,manual,new-bird_survey_duplicate_count,team-added-synthetic:independent-scenarios-v2
rebuild-07d2adfe7913896b,돌봄 교실의 귀가 인계 방식 변경을 논의했다. 전화 연락만으로 대리 수령을 허용하지 않기로 했다. 담당 교사는 등록된 보호자 확인 절차를 정리한다.,minutes,new-childcare_pickup_procedure,team-added-synthetic:independent-scenarios-v2
rebuild-35153eec7fd3cb7b,푸드뱅크 배분 물품은 이번 달부터 사전 연락을 받은 가구에 순차 전달합니다. 직접 방문 수령을 원하시면 담당자와 시간을 정해 주세요. 현장 선착순 배분은 하지 않습니다.,announcement,new-food_bank_distribution,team-added-synthetic:independent-scenarios-v2
rebuild-5ed1686d35282730,공동 영화 상영의 이용 허락 조건을 확인했다. 공개 상영이 가능한 작품부터 편성하기로 했다. 운영팀은 허락이 미확인된 작품의 홍보를 보류한다.,minutes,new-film_screening_rights,team-added-synthetic:independent-scenarios-v2
rebuild-282899fcb9b47ff0,양면 인쇄를 시작할 때 시험용 두 장으로 앞뒤 방향을 확인한다. 뒤집힘이 있으면 짧은 면과 긴 면 설정을 바꿔 다시 시험한다. 방향이 맞는 것을 확인한 뒤 전체 문서를 출력한다.,manual,new-printer_duplex_alignment,team-added-synthetic:independent-scenarios-v2
rebuild-69aace003bbf344b,장터 운영자들은 이동 통로가 진열대에 막힌 상황을 검토했다. 점포 수를 줄이기 전에 진열 깊이를 제한하기로 했다. 현장팀은 다음 행사에서 통로 폭을 기록한다.,minutes,new-market_access_path,team-added-synthetic:independent-scenarios-v2
rebuild-e094b5435a5e49b1,합창 모임은 공연 곡의 음역이 일부 단원에게 높다는 의견을 살펴봤다. 곡을 전부 바꾸지 않고 두 곡의 조성을 낮추기로 했다. 지휘자가 변경 악보를 준비한다.,minutes,new-community_choir_repertoire,team-added-synthetic:independent-scenarios-v2
rebuild-8bd52324c7973bf2,국제 공방 교류 강연 자료의 번역본을 행사 안내 페이지에 공개했습니다. 현장 인쇄물은 신청 수량만 준비합니다. 추가 인쇄가 필요하면 행사 전날까지 연락해 주세요.,announcement,new-workshop_translation,team-added-synthetic:independent-scenarios-v2
rebuild-04c3690ad09e6dce,필름 원판을 꺼내기 전에 작업대의 먼지를 제거한다. 장갑을 끼고 가장자리만 잡아 빛이 닿지 않는 받침에 놓는다. 지문이 보이면 문지르지 말고 보존 담당자에게 상태를 전달한다.,manual,new-film_negative_handling,team-added-synthetic:independent-scenarios-v2
rebuild-387b9f9694f6d255,전시 설명 글씨가 작다는 방문객 의견을 논의했다. 모든 문구를 줄이는 안 대신 핵심 설명의 글자 크기를 높이기로 했다. 디자인팀이 견본을 만들어 현장에서 비교한다.,minutes,new-museum_label_font,team-added-synthetic:independent-scenarios-v2
rebuild-8612f32560337fd2,야외 수업의 우천 대안을 논의했다. 모든 수업을 취소하는 대신 일부 관찰 활동을 실내 자료 비교로 바꾸기로 했다. 진행자는 대체 활동 준비물을 다음 주까지 확인한다.,minutes,new-outdoor_class_rain_plan,team-added-synthetic:independent-scenarios-v2
rebuild-587221a61bdae02f,마을 산책 안내 표지의 위치를 논의했다. 교차로마다 큰 표지를 세우기보다 길을 찾기 어려운 세 지점부터 설치하기로 했다. 답사팀이 위치 사진을 제출한다.,minutes,new-town_walk_signage,team-added-synthetic:independent-scenarios-v2
rebuild-fed67dd4b2e87700,청각 과민 이용자를 위한 공연 관람 좌석 신청을 받습니다. 좌석 위치 설명을 확인한 뒤 선택해 주세요. 해당 좌석 신청이 공연 입장권 구매를 대신하지는 않습니다.,announcement,new-noise_sensitive_seating,team-added-synthetic:independent-scenarios-v2
rebuild-09dbd89329fb6a1c,이동 자전거 정비소가 토요일 주민센터 앞에서 운영됩니다. 간단한 안전 점검을 제공하며 부품 교체 비용은 현장에서 확인해 주세요. 대형 수리는 접수하지 않습니다.,announcement,new-bike_repair_pop_up,team-added-synthetic:independent-scenarios-v2
rebuild-b80f5cdaab50fe98,공공 미술 제작 과정의 기록이 완성 사진에 치우친다는 의견이 나왔다. 작업 단계와 주민 협의 기록도 남기기로 했다. 기록팀은 공개 동의 여부를 함께 관리한다.,minutes,new-public_arts_documentation,team-added-synthetic:independent-scenarios-v2
rebuild-f40724e1fd2431b9,대학 도서관 야간 운영 수요 조사가 금요일에 종료됩니다. 재학생과 교직원은 한 번씩 응답할 수 있습니다. 응답 결과를 검토한 뒤 운영 시간 변경 여부를 안내하겠습니다.,announcement,new-survey_deadline,team-added-synthetic:independent-scenarios-v2
rebuild-edb592bb71ad10f5,행사 참가 확인은 접수번호와 신청자 이름을 함께 대조한다. 같은 이름이 여러 명이면 추가 식별 정보를 확인한다. 다른 사람의 접수번호로 출석을 처리하지 않는다.,manual,new-registration_name_match,team-added-synthetic:independent-scenarios-v2
rebuild-bc2b534e3c209f1e,이동 도서관 차량의 수요일 방문지가 시장 입구에서 보건지소 앞으로 변경됩니다. 대출 중인 책은 어느 정차 지점에서나 반납할 수 있습니다. 다른 요일 노선은 유지됩니다.,announcement,new-bookmobile_route,team-added-synthetic:independent-scenarios-v2
rebuild-613a60bc3da1cd38,유리 진열장을 청소할 때 내부 전시물을 먼저 보호한다. 지정 세정제를 천에 묻혀 닦고 이음새에 직접 분사하지 않는다. 잔여 물기가 없는지 확인한 뒤 전시를 복구한다.,manual,new-glass_display_clean,team-added-synthetic:independent-scenarios-v2
rebuild-811e466302dd639a,수영장 보수 작업으로 이번 주 오전에는 두 개 레인만 운영합니다. 예약 인원 제한을 확인한 뒤 방문해 주세요. 어린이 강습 장소는 별도로 문자 안내합니다.,announcement,new-pool_lane_schedule,team-added-synthetic:independent-scenarios-v2
rebuild-77d425cb83ada501,자막 검수는 음성과 화면을 함께 재생하면서 진행한다. 화자가 바뀌는 지점과 숫자 표기를 확인한다. 들리지 않는 말을 추측해 채우지 않고 확인 필요 표시를 남긴다.,manual,new-subtitle_quality_check,team-added-synthetic:independent-scenarios-v2
rebuild-ed158969f7e315fd,배식 전 온도는 정해진 측정 위치에서 확인한다. 기록에는 음식명과 측정 시각을 함께 적는다. 기준을 벗어난 값은 다시 측정한 결과와 함께 담당자에게 보고한다.,manual,new-food_temperature_record,team-added-synthetic:independent-scenarios-v2
rebuild-20df5952c41559df,연마 장비 사용자는 지정된 보호 장비를 착용한다. 작업물 고정 상태를 확인한 뒤 장비를 켠다. 맞지 않는 부품을 임의로 끼우지 않고 담당자에게 호환 여부를 묻는다.,manual,new-tool_sharpening_access,team-added-synthetic:independent-scenarios-v2
rebuild-3f8215e895e7a1aa,무장애 이동 차량의 행사장 운행 예약을 받습니다. 승하차 위치와 보조 인력 필요 여부를 함께 적어 주세요. 일반 셔틀은 기존 노선으로 운행합니다.,announcement,new-accessible_shuttle_booking,team-added-synthetic:independent-scenarios-v2
rebuild-1c69509cc94704a3,신규 자원봉사자의 활동 명찰은 교육 이수 확인 뒤 배부합니다. 현장 오리엔테이션 참석자는 담당 부스에서 수령해 주세요. 분실 재발급은 별도 신청이 필요합니다.,announcement,new-volunteer_badge_pickup,team-added-synthetic:independent-scenarios-v2
rebuild-a49c5816ab6d6c66,걷기 모임의 경로 난도 문제를 살펴봤다. 장거리 팀과 짧은 거리 팀을 나누되 집결 장소는 함께 쓰기로 했다. 답사 담당은 짧은 경로의 경사와 휴식 장소를 확인한다.,minutes,new-hiking_group_accessibility,team-added-synthetic:independent-scenarios-v2
rebuild-1be7a978186a39bc,공유 냉장고에 표시가 없는 음식이 들어오는 문제를 검토했다. 제출 시 보관 조건과 작성 시각을 확인하기로 했다. 운영자는 확인되지 않은 음식의 처리 기준을 마련한다.,minutes,new-community_fridge_donation,team-added-synthetic:independent-scenarios-v2
rebuild-3b729114ac682c4a,기록 상자를 옮길 때 기존 선반 번호를 이동표에 적습니다. 새 위치의 상자 번호와 목록을 대조합니다. 전산 위치 갱신이 끝날 때까지 이동표를 상자와 함께 보관합니다.,manual,new-archive_box_relocation,team-added-synthetic:independent-scenarios-v2
rebuild-a376b96ab5f87bfc,공유 사무실 통화 공간의 부족 문제를 논의했다. 회의실을 통화 전용으로 전환하는 안은 채택하지 않았다. 이동식 부스를 시험 배치한 뒤 이용 기록을 검토하기로 했다.,minutes,new-shared_office_phone_booth,team-added-synthetic:independent-scenarios-v2
rebuild-51ebd3571a0ff99c,기록관 지하 보존실의 방충 작업으로 다음 주 월요일 원본 열람을 받지 않습니다. 이미 신청한 분께는 대체 열람일을 개별 연락합니다. 온라인 목록 검색은 계속 이용할 수 있습니다.,announcement,new-archive_closure,team-added-synthetic:independent-scenarios-v2
rebuild-d031ddce2e6ded1e,주민 소식지의 인쇄 부수를 검토했다. 배달되지 않고 남은 수량이 많아 수령 신청 수를 기준으로 조정하기로 했다. 배포 담당은 온라인 이용 수요를 별도로 조사한다.,minutes,new-resident_newsletter_print,team-added-synthetic:independent-scenarios-v2
rebuild-32413ac9e8d7865c,지역 라디오 편성 회의에서 긴 인터뷰를 줄이자는 의견이 나왔다. 제작진은 인터뷰를 유지하되 중간에 내용 안내를 넣기로 했다. 편집 담당이 다음 방송 시안을 준비한다.,minutes,new-community_radio_format,team-added-synthetic:independent-scenarios-v2
rebuild-7f70c00b324e4adf,하천 수질 조사팀이 이번 주 새벽에 조사 장비를 설치합니다. 산책로 일부에 임시 작업 표시가 놓입니다. 설치 장비를 이동하거나 채수 용기를 열지 말아 주세요.,announcement,new-river_water_sampling,team-added-synthetic:independent-scenarios-v2
rebuild-bfd67ecfb04882d8,소상공인 상담회의 예약 분야에 회계와 온라인 판매 상담을 추가했습니다. 한 업체가 신청할 수 있는 상담 시간을 확인해 주세요. 상담 참여가 지원금 선정으로 이어지는 것은 아닙니다.,announcement,new-small_business_consulting,team-added-synthetic:independent-scenarios-v2
rebuild-b911bd3ce83b2bf3,공용 공간을 예약하려면 날짜를 선택하고 사용 인원과 활동 목적을 입력한다. 기존 예약과 겹치는 시간을 피한다. 승인 상태가 확정으로 바뀌기 전에는 예약 완료로 안내하지 않는다.,manual,new-shared_calendar_booking,team-added-synthetic:independent-scenarios-v2
rebuild-ccdd13dc6c51a4f3,상담 신청서는 접수 후 지정된 보관함에 넣습니다. 열람이 필요한 담당자만 접근하도록 관리합니다. 업무용 사본을 만들었다면 사용이 끝난 뒤 폐기 기준에 따라 처리합니다.,manual,new-clinic_form_secure_storage,team-added-synthetic:independent-scenarios-v2
rebuild-bd02b01eaba3ef18,교대할 때 미완료 업무와 방문객 문의를 따로 전달합니다. 인계자는 확인이 필요한 항목을 표시합니다. 다음 근무자가 내용을 확인한 뒤 인계 기록을 마칩니다.,manual,new-volunteer_shift_handover,team-added-synthetic:independent-scenarios-v2
rebuild-d9f22a1d37b5cea8,습지 조사팀은 조류 번식기 접근 제한에 대해 의견을 나눴다. 관찰 위치를 외곽으로 옮기고 조사 횟수는 유지하기로 했다. 새 위치의 접근 가능 여부는 현장 담당이 확인한다.,minutes,new-wetland_observation_plan,team-added-synthetic:independent-scenarios-v2
rebuild-5f5e98e43828268b,전시 조도를 측정할 때 작품 표면의 위치를 구분해 기록한다. 같은 지점에서는 센서 방향을 일정하게 유지한다. 조명 위치를 바꿨다면 변경 전후 측정값을 별도로 보관한다.,manual,new-museum_light_mapping,team-added-synthetic:independent-scenarios-v2
rebuild-a417552e0112d285,우량계 점검은 측정 기록을 저장한 뒤 시작합니다. 유입구의 이물질을 제거하고 배수 통로를 확인합니다. 점검 중 발생한 강수는 기록에서 구분할 수 있도록 시작과 종료 시각을 남깁니다.,manual,new-weather_rain_gauge_clean,team-added-synthetic:independent-scenarios-v2
rebuild-7adfca30de5d4ea4,지역 창작자 입주 지원 신청을 다음 달 첫째 주에 접수합니다. 공동 작업실 사용이 필요한 활동 계획을 제출해 주세요. 심사 결과는 접수번호로 개별 안내합니다.,announcement,new-residency_application,team-added-synthetic:independent-scenarios-v2
rebuild-086599119e9cb62c,접이식 사다리를 펼치기 전에 다리와 잠금 장치를 확인합니다. 바닥이 미끄러우면 설치 위치를 바꿉니다. 잠금이 고정되지 않는 장비는 사용하지 않고 관리 담당자에게 표시해 둡니다.,manual,new-ladder_visual_inspection,team-added-synthetic:independent-scenarios-v2
rebuild-9680f53b48bcbebe,기부금 내역을 입력할 때 입금일과 거래 식별번호를 대조합니다. 이름만 같은 입금을 한 건으로 합치지 않습니다. 기부자 확인이 끝나지 않은 항목은 별도 상태로 남깁니다.,manual,new-fundraising_receipt_match,team-added-synthetic:independent-scenarios-v2
