"id","text","label","group_id","source"
"adv-add-i-6fa844c4ae4d","이미 종료된 별도 상담 기록
실험용 기준추를 반품 접수했는데 반환 안내 금액의 소수점 위치가 결제 내역과 다르게 보입니다. 배송 위치를 묻는 것이 아니라 반품 건에 연결된 원결제 금액과 계산 단위를 대조하고 싶어요. 오류라고 단정하지 않고 환급 산정 내역을 확인할 공식 경로가 필요합니다.

실험용 기준추를 산 회원 계정의 표시 이름을 바꾸려 합니다. 구매 영수증의 이름을 정정하려는 요청은 아니고 자료 공유 화면에서만 연구팀 별칭을 표시할 수 있는지 궁금해요. 별칭 설정 가능 여부와 다른 이용자에게 보이는 범위를 공식 계정 관리에서 확인하고 싶습니다.
위 상담들은 필요한 확인을 마쳐 종료된 별도 기록이며 아래 현재 요청을 다시 처리한 것으로 보지 않습니다.

이번에 새로 접수한 문의
실험용 기준추를 계속 받을 생각이고 구매 취소는 원하지 않습니다. 운송 담당자가 포장 무게를 그램과 킬로그램 중 어느 단위로 등록했는지 확인이 필요하다고 했어요. 실제 무게 표기와 운송 접수 조건이 맞는지 확인할 공식 배송 경로를 알려 주세요.","shipping","advanced-inquiries-added-v1-001","team-added-synthetic:advanced-inquiries-context-v1"
"adv-add-i-67209716f3ca","이번에 새로 접수한 문의
실험용 기준추를 계속 받을 생각이고 구매 취소는 원하지 않습니다. 운송 담당자가 포장 무게를 그램과 킬로그램 중 어느 단위로 등록했는지 확인이 필요하다고 했어요. 실제 무게 표기와 운송 접수 조건이 맞는지 확인할 공식 배송 경로를 알려 주세요.

이미 종료된 별도 상담 기록
실험용 기준추를 산 회원 계정의 표시 이름을 바꾸려 합니다. 구매 영수증의 이름을 정정하려는 요청은 아니고 자료 공유 화면에서만 연구팀 별칭을 표시할 수 있는지 궁금해요. 별칭 설정 가능 여부와 다른 이용자에게 보이는 범위를 공식 계정 관리에서 확인하고 싶습니다.

실험용 기준추를 반품 접수했는데 반환 안내 금액의 소수점 위치가 결제 내역과 다르게 보입니다. 배송 위치를 묻는 것이 아니라 반품 건에 연결된 원결제 금액과 계산 단위를 대조하고 싶어요. 오류라고 단정하지 않고 환급 산정 내역을 확인할 공식 경로가 필요합니다.
위 별도 상담들은 확인을 마쳐 종료된 기록입니다. 이번에 답변받을 내용은 앞에 적은 새 문의입니다.","shipping","advanced-inquiries-added-v1-001","team-added-synthetic:advanced-inquiries-context-v1"
"adv-add-i-c6f52b8705ea","이미 종료된 별도 상담 기록
실험용 기준추를 계속 받을 생각이고 구매 취소는 원하지 않습니다. 운송 담당자가 포장 무게를 그램과 킬로그램 중 어느 단위로 등록했는지 확인이 필요하다고 했어요. 실제 무게 표기와 운송 접수 조건이 맞는지 확인할 공식 배송 경로를 알려 주세요.

실험용 기준추를 산 회원 계정의 표시 이름을 바꾸려 합니다. 구매 영수증의 이름을 정정하려는 요청은 아니고 자료 공유 화면에서만 연구팀 별칭을 표시할 수 있는지 궁금해요. 별칭 설정 가능 여부와 다른 이용자에게 보이는 범위를 공식 계정 관리에서 확인하고 싶습니다.
위 상담들은 필요한 확인을 마쳐 종료된 별도 기록이며 아래 현재 요청을 다시 처리한 것으로 보지 않습니다.

이번에 새로 접수한 문의
실험용 기준추를 반품 접수했는데 반환 안내 금액의 소수점 위치가 결제 내역과 다르게 보입니다. 배송 위치를 묻는 것이 아니라 반품 건에 연결된 원결제 금액과 계산 단위를 대조하고 싶어요. 오류라고 단정하지 않고 환급 산정 내역을 확인할 공식 경로가 필요합니다.","refund","advanced-inquiries-added-v1-001","team-added-synthetic:advanced-inquiries-context-v1"
"adv-add-i-39e18513c30c","이번에 새로 접수한 문의
실험용 기준추를 반품 접수했는데 반환 안내 금액의 소수점 위치가 결제 내역과 다르게 보입니다. 배송 위치를 묻는 것이 아니라 반품 건에 연결된 원결제 금액과 계산 단위를 대조하고 싶어요. 오류라고 단정하지 않고 환급 산정 내역을 확인할 공식 경로가 필요합니다.

이미 종료된 별도 상담 기록
실험용 기준추를 산 회원 계정의 표시 이름을 바꾸려 합니다. 구매 영수증의 이름을 정정하려는 요청은 아니고 자료 공유 화면에서만 연구팀 별칭을 표시할 수 있는지 궁금해요. 별칭 설정 가능 여부와 다른 이용자에게 보이는 범위를 공식 계정 관리에서 확인하고 싶습니다.

실험용 기준추를 계속 받을 생각이고 구매 취소는 원하지 않습니다. 운송 담당자가 포장 무게를 그램과 킬로그램 중 어느 단위로 등록했는지 확인이 필요하다고 했어요. 실제 무게 표기와 운송 접수 조건이 맞는지 확인할 공식 배송 경로를 알려 주세요.
위 별도 상담들은 확인을 마쳐 종료된 기록입니다. 이번에 답변받을 내용은 앞에 적은 새 문의입니다.","refund","advanced-inquiries-added-v1-001","team-added-synthetic:advanced-inquiries-context-v1"
"adv-add-i-4401ba9c5663","이미 종료된 별도 상담 기록
실험용 기준추를 계속 받을 생각이고 구매 취소는 원하지 않습니다. 운송 담당자가 포장 무게를 그램과 킬로그램 중 어느 단위로 등록했는지 확인이 필요하다고 했어요. 실제 무게 표기와 운송 접수 조건이 맞는지 확인할 공식 배송 경로를 알려 주세요.

실험용 기준추를 반품 접수했는데 반환 안내 금액의 소수점 위치가 결제 내역과 다르게 보입니다. 배송 위치를 묻는 것이 아니라 반품 건에 연결된 원결제 금액과 계산 단위를 대조하고 싶어요. 오류라고 단정하지 않고 환급 산정 내역을 확인할 공식 경로가 필요합니다.
위 상담들은 필요한 확인을 마쳐 종료된 별도 기록이며 아래 현재 요청을 다시 처리한 것으로 보지 않습니다.

이번에 새로 접수한 문의
실험용 기준추를 산 회원 계정의 표시 이름을 바꾸려 합니다. 구매 영수증의 이름을 정정하려는 요청은 아니고 자료 공유 화면에서만 연구팀 별칭을 표시할 수 있는지 궁금해요. 별칭 설정 가능 여부와 다른 이용자에게 보이는 범위를 공식 계정 관리에서 확인하고 싶습니다.","account","advanced-inquiries-added-v1-001","team-added-synthetic:advanced-inquiries-context-v1"
"adv-add-i-c75611fc7779","이번에 새로 접수한 문의
실험용 기준추를 산 회원 계정의 표시 이름을 바꾸려 합니다. 구매 영수증의 이름을 정정하려는 요청은 아니고 자료 공유 화면에서만 연구팀 별칭을 표시할 수 있는지 궁금해요. 별칭 설정 가능 여부와 다른 이용자에게 보이는 범위를 공식 계정 관리에서 확인하고 싶습니다.

이미 종료된 별도 상담 기록
실험용 기준추를 반품 접수했는데 반환 안내 금액의 소수점 위치가 결제 내역과 다르게 보입니다. 배송 위치를 묻는 것이 아니라 반품 건에 연결된 원결제 금액과 계산 단위를 대조하고 싶어요. 오류라고 단정하지 않고 환급 산정 내역을 확인할 공식 경로가 필요합니다.

실험용 기준추를 계속 받을 생각이고 구매 취소는 원하지 않습니다. 운송 담당자가 포장 무게를 그램과 킬로그램 중 어느 단위로 등록했는지 확인이 필요하다고 했어요. 실제 무게 표기와 운송 접수 조건이 맞는지 확인할 공식 배송 경로를 알려 주세요.
위 별도 상담들은 확인을 마쳐 종료된 기록입니다. 이번에 답변받을 내용은 앞에 적은 새 문의입니다.","account","advanced-inquiries-added-v1-001","team-added-synthetic:advanced-inquiries-context-v1"
"adv-add-i-4ed8a0b1048d","이미 종료된 별도 상담 기록
조립식 촬영 배경판을 결제할 때 설치 비용이 별도 항목으로 포함됐습니다. 출고 전 주문 취소를 요청했고 설치 예약도 진행하지 않았어요. 상품 대금과 미실시 설치 비용이 각각 어떤 취소 상태인지 공식 결제 내역으로 확인하고 싶습니다.

촬영 배경판 주문 때 이용한 계정의 화면 확대 설정을 조정하고 싶습니다. 브라우저 확대가 아니라 회원에게 저장되는 보기 설정이 있는지 묻는 것이며 배송이나 결제 변경은 필요 없습니다. 다른 기기에도 같은 설정이 적용되는지 공식 설명을 확인하고 싶어요.
위 상담들은 필요한 확인을 마쳐 종료된 별도 기록이며 아래 현재 요청을 다시 처리한 것으로 보지 않습니다.

이번에 새로 접수한 문의
조립식 촬영 배경판은 이번 주문대로 받을 겁니다. 운송 접수 안내에는 포장 길이가 나와 있지만 받는 건물의 화물 출입구는 대각선으로만 통과할 수 있어요. 포장을 기울여 운반할 수 있는 물품인지와 해당 인도 조건을 어디에서 조율해야 하는지 알고 싶습니다.","shipping","advanced-inquiries-added-v1-002","team-added-synthetic:advanced-inquiries-context-v1"
"adv-add-i-b317712ba6c9","이번에 새로 접수한 문의
조립식 촬영 배경판은 이번 주문대로 받을 겁니다. 운송 접수 안내에는 포장 길이가 나와 있지만 받는 건물의 화물 출입구는 대각선으로만 통과할 수 있어요. 포장을 기울여 운반할 수 있는 물품인지와 해당 인도 조건을 어디에서 조율해야 하는지 알고 싶습니다.

이미 종료된 별도 상담 기록
촬영 배경판 주문 때 이용한 계정의 화면 확대 설정을 조정하고 싶습니다. 브라우저 확대가 아니라 회원에게 저장되는 보기 설정이 있는지 묻는 것이며 배송이나 결제 변경은 필요 없습니다. 다른 기기에도 같은 설정이 적용되는지 공식 설명을 확인하고 싶어요.

조립식 촬영 배경판을 결제할 때 설치 비용이 별도 항목으로 포함됐습니다. 출고 전 주문 취소를 요청했고 설치 예약도 진행하지 않았어요. 상품 대금과 미실시 설치 비용이 각각 어떤 취소 상태인지 공식 결제 내역으로 확인하고 싶습니다.
위 별도 상담들은 확인을 마쳐 종료된 기록입니다. 이번에 답변받을 내용은 앞에 적은 새 문의입니다.","shipping","advanced-inquiries-added-v1-002","team-added-synthetic:advanced-inquiries-context-v1"
"adv-add-i-629c0bfa9773","이미 종료된 별도 상담 기록
조립식 촬영 배경판은 이번 주문대로 받을 겁니다. 운송 접수 안내에는 포장 길이가 나와 있지만 받는 건물의 화물 출입구는 대각선으로만 통과할 수 있어요. 포장을 기울여 운반할 수 있는 물품인지와 해당 인도 조건을 어디에서 조율해야 하는지 알고 싶습니다.

촬영 배경판 주문 때 이용한 계정의 화면 확대 설정을 조정하고 싶습니다. 브라우저 확대가 아니라 회원에게 저장되는 보기 설정이 있는지 묻는 것이며 배송이나 결제 변경은 필요 없습니다. 다른 기기에도 같은 설정이 적용되는지 공식 설명을 확인하고 싶어요.
위 상담들은 필요한 확인을 마쳐 종료된 별도 기록이며 아래 현재 요청을 다시 처리한 것으로 보지 않습니다.

이번에 새로 접수한 문의
조립식 촬영 배경판을 결제할 때 설치 비용이 별도 항목으로 포함됐습니다. 출고 전 주문 취소를 요청했고 설치 예약도 진행하지 않았어요. 상품 대금과 미실시 설치 비용이 각각 어떤 취소 상태인지 공식 결제 내역으로 확인하고 싶습니다.","refund","advanced-inquiries-added-v1-002","team-added-synthetic:advanced-inquiries-context-v1"
"adv-add-i-175b58023779","이번에 새로 접수한 문의
조립식 촬영 배경판을 결제할 때 설치 비용이 별도 항목으로 포함됐습니다. 출고 전 주문 취소를 요청했고 설치 예약도 진행하지 않았어요. 상품 대금과 미실시 설치 비용이 각각 어떤 취소 상태인지 공식 결제 내역으로 확인하고 싶습니다.

이미 종료된 별도 상담 기록
촬영 배경판 주문 때 이용한 계정의 화면 확대 설정을 조정하고 싶습니다. 브라우저 확대가 아니라 회원에게 저장되는 보기 설정이 있는지 묻는 것이며 배송이나 결제 변경은 필요 없습니다. 다른 기기에도 같은 설정이 적용되는지 공식 설명을 확인하고 싶어요.

조립식 촬영 배경판은 이번 주문대로 받을 겁니다. 운송 접수 안내에는 포장 길이가 나와 있지만 받는 건물의 화물 출입구는 대각선으로만 통과할 수 있어요. 포장을 기울여 운반할 수 있는 물품인지와 해당 인도 조건을 어디에서 조율해야 하는지 알고 싶습니다.
위 별도 상담들은 확인을 마쳐 종료된 기록입니다. 이번에 답변받을 내용은 앞에 적은 새 문의입니다.","refund","advanced-inquiries-added-v1-002","team-added-synthetic:advanced-inquiries-context-v1"
"adv-add-i-c28258ef5d5b","이미 종료된 별도 상담 기록
조립식 촬영 배경판은 이번 주문대로 받을 겁니다. 운송 접수 안내에는 포장 길이가 나와 있지만 받는 건물의 화물 출입구는 대각선으로만 통과할 수 있어요. 포장을 기울여 운반할 수 있는 물품인지와 해당 인도 조건을 어디에서 조율해야 하는지 알고 싶습니다.

조립식 촬영 배경판을 결제할 때 설치 비용이 별도 항목으로 포함됐습니다. 출고 전 주문 취소를 요청했고 설치 예약도 진행하지 않았어요. 상품 대금과 미실시 설치 비용이 각각 어떤 취소 상태인지 공식 결제 내역으로 확인하고 싶습니다.
위 상담들은 필요한 확인을 마쳐 종료된 별도 기록이며 아래 현재 요청을 다시 처리한 것으로 보지 않습니다.

이번에 새로 접수한 문의
촬영 배경판 주문 때 이용한 계정의 화면 확대 설정을 조정하고 싶습니다. 브라우저 확대가 아니라 회원에게 저장되는 보기 설정이 있는지 묻는 것이며 배송이나 결제 변경은 필요 없습니다. 다른 기기에도 같은 설정이 적용되는지 공식 설명을 확인하고 싶어요.","account","advanced-inquiries-added-v1-002","team-added-synthetic:advanced-inquiries-context-v1"
"adv-add-i-22b235ba0b83","이번에 새로 접수한 문의
촬영 배경판 주문 때 이용한 계정의 화면 확대 설정을 조정하고 싶습니다. 브라우저 확대가 아니라 회원에게 저장되는 보기 설정이 있는지 묻는 것이며 배송이나 결제 변경은 필요 없습니다. 다른 기기에도 같은 설정이 적용되는지 공식 설명을 확인하고 싶어요.

이미 종료된 별도 상담 기록
조립식 촬영 배경판을 결제할 때 설치 비용이 별도 항목으로 포함됐습니다. 출고 전 주문 취소를 요청했고 설치 예약도 진행하지 않았어요. 상품 대금과 미실시 설치 비용이 각각 어떤 취소 상태인지 공식 결제 내역으로 확인하고 싶습니다.

조립식 촬영 배경판은 이번 주문대로 받을 겁니다. 운송 접수 안내에는 포장 길이가 나와 있지만 받는 건물의 화물 출입구는 대각선으로만 통과할 수 있어요. 포장을 기울여 운반할 수 있는 물품인지와 해당 인도 조건을 어디에서 조율해야 하는지 알고 싶습니다.
위 별도 상담들은 확인을 마쳐 종료된 기록입니다. 이번에 답변받을 내용은 앞에 적은 새 문의입니다.","account","advanced-inquiries-added-v1-002","team-added-synthetic:advanced-inquiries-context-v1"
"adv-add-i-829704163fbb","이미 종료된 별도 상담 기록
점자 라벨 제작기를 취소했는데 별도로 구입한 소모 라벨까지 취소 대상으로 보입니다. 제가 요청한 것은 제작기 본체의 결제 취소이고 소모품 주문은 유지하려 합니다. 각 주문의 취소 범위가 어떻게 접수됐는지 공식 반환 담당자에게 확인하고 싶어요.

점자 라벨 제작기 관련 자료를 보던 계정의 읽기 보조 설정을 확인하려 합니다. 물품 사용법이 아니라 계정 화면에서 항목을 읽는 순서가 저장되는 기능이 있는지 궁금해요. 제공 여부와 계정별 적용 범위를 공식 지원에서 확인하고 싶습니다.
위 상담들은 필요한 확인을 마쳐 종료된 별도 기록이며 아래 현재 요청을 다시 처리한 것으로 보지 않습니다.

이번에 새로 접수한 문의
점자 라벨 제작기의 발송을 기다리고 있습니다. 운송장에는 앞뒤 방향을 구분하는 취급 표시가 빠져 있는데 판매자는 방향을 지켜야 한다고 안내했어요. 주문 취소보다 먼저 운송 건에 필요한 취급 정보가 전달됐는지 배송 지원에서 확인하고 싶습니다.","shipping","advanced-inquiries-added-v1-003","team-added-synthetic:advanced-inquiries-context-v1"
"adv-add-i-e9bbd0db911b","이번에 새로 접수한 문의
점자 라벨 제작기의 발송을 기다리고 있습니다. 운송장에는 앞뒤 방향을 구분하는 취급 표시가 빠져 있는데 판매자는 방향을 지켜야 한다고 안내했어요. 주문 취소보다 먼저 운송 건에 필요한 취급 정보가 전달됐는지 배송 지원에서 확인하고 싶습니다.

이미 종료된 별도 상담 기록
점자 라벨 제작기 관련 자료를 보던 계정의 읽기 보조 설정을 확인하려 합니다. 물품 사용법이 아니라 계정 화면에서 항목을 읽는 순서가 저장되는 기능이 있는지 궁금해요. 제공 여부와 계정별 적용 범위를 공식 지원에서 확인하고 싶습니다.

점자 라벨 제작기를 취소했는데 별도로 구입한 소모 라벨까지 취소 대상으로 보입니다. 제가 요청한 것은 제작기 본체의 결제 취소이고 소모품 주문은 유지하려 합니다. 각 주문의 취소 범위가 어떻게 접수됐는지 공식 반환 담당자에게 확인하고 싶어요.
위 별도 상담들은 확인을 마쳐 종료된 기록입니다. 이번에 답변받을 내용은 앞에 적은 새 문의입니다.","shipping","advanced-inquiries-added-v1-003","team-added-synthetic:advanced-inquiries-context-v1"
"adv-add-i-1ced5b5a37b6","이미 종료된 별도 상담 기록
점자 라벨 제작기의 발송을 기다리고 있습니다. 운송장에는 앞뒤 방향을 구분하는 취급 표시가 빠져 있는데 판매자는 방향을 지켜야 한다고 안내했어요. 주문 취소보다 먼저 운송 건에 필요한 취급 정보가 전달됐는지 배송 지원에서 확인하고 싶습니다.

점자 라벨 제작기 관련 자료를 보던 계정의 읽기 보조 설정을 확인하려 합니다. 물품 사용법이 아니라 계정 화면에서 항목을 읽는 순서가 저장되는 기능이 있는지 궁금해요. 제공 여부와 계정별 적용 범위를 공식 지원에서 확인하고 싶습니다.
위 상담들은 필요한 확인을 마쳐 종료된 별도 기록이며 아래 현재 요청을 다시 처리한 것으로 보지 않습니다.

이번에 새로 접수한 문의
점자 라벨 제작기를 취소했는데 별도로 구입한 소모 라벨까지 취소 대상으로 보입니다. 제가 요청한 것은 제작기 본체의 결제 취소이고 소모품 주문은 유지하려 합니다. 각 주문의 취소 범위가 어떻게 접수됐는지 공식 반환 담당자에게 확인하고 싶어요.","refund","advanced-inquiries-added-v1-003","team-added-synthetic:advanced-inquiries-context-v1"
"adv-add-i-9546187e630b","이번에 새로 접수한 문의
점자 라벨 제작기를 취소했는데 별도로 구입한 소모 라벨까지 취소 대상으로 보입니다. 제가 요청한 것은 제작기 본체의 결제 취소이고 소모품 주문은 유지하려 합니다. 각 주문의 취소 범위가 어떻게 접수됐는지 공식 반환 담당자에게 확인하고 싶어요.

이미 종료된 별도 상담 기록
점자 라벨 제작기 관련 자료를 보던 계정의 읽기 보조 설정을 확인하려 합니다. 물품 사용법이 아니라 계정 화면에서 항목을 읽는 순서가 저장되는 기능이 있는지 궁금해요. 제공 여부와 계정별 적용 범위를 공식 지원에서 확인하고 싶습니다.

점자 라벨 제작기의 발송을 기다리고 있습니다. 운송장에는 앞뒤 방향을 구분하는 취급 표시가 빠져 있는데 판매자는 방향을 지켜야 한다고 안내했어요. 주문 취소보다 먼저 운송 건에 필요한 취급 정보가 전달됐는지 배송 지원에서 확인하고 싶습니다.
위 별도 상담들은 확인을 마쳐 종료된 기록입니다. 이번에 답변받을 내용은 앞에 적은 새 문의입니다.","refund","advanced-inquiries-added-v1-003","team-added-synthetic:advanced-inquiries-context-v1"
"adv-add-i-cdf86b9914dd","이미 종료된 별도 상담 기록
점자 라벨 제작기의 발송을 기다리고 있습니다. 운송장에는 앞뒤 방향을 구분하는 취급 표시가 빠져 있는데 판매자는 방향을 지켜야 한다고 안내했어요. 주문 취소보다 먼저 운송 건에 필요한 취급 정보가 전달됐는지 배송 지원에서 확인하고 싶습니다.

점자 라벨 제작기를 취소했는데 별도로 구입한 소모 라벨까지 취소 대상으로 보입니다. 제가 요청한 것은 제작기 본체의 결제 취소이고 소모품 주문은 유지하려 합니다. 각 주문의 취소 범위가 어떻게 접수됐는지 공식 반환 담당자에게 확인하고 싶어요.
위 상담들은 필요한 확인을 마쳐 종료된 별도 기록이며 아래 현재 요청을 다시 처리한 것으로 보지 않습니다.

이번에 새로 접수한 문의
점자 라벨 제작기 관련 자료를 보던 계정의 읽기 보조 설정을 확인하려 합니다. 물품 사용법이 아니라 계정 화면에서 항목을 읽는 순서가 저장되는 기능이 있는지 궁금해요. 제공 여부와 계정별 적용 범위를 공식 지원에서 확인하고 싶습니다.","account","advanced-inquiries-added-v1-003","team-added-synthetic:advanced-inquiries-context-v1"
"adv-add-i-290ef39de682","이번에 새로 접수한 문의
점자 라벨 제작기 관련 자료를 보던 계정의 읽기 보조 설정을 확인하려 합니다. 물품 사용법이 아니라 계정 화면에서 항목을 읽는 순서가 저장되는 기능이 있는지 궁금해요. 제공 여부와 계정별 적용 범위를 공식 지원에서 확인하고 싶습니다.

이미 종료된 별도 상담 기록
점자 라벨 제작기를 취소했는데 별도로 구입한 소모 라벨까지 취소 대상으로 보입니다. 제가 요청한 것은 제작기 본체의 결제 취소이고 소모품 주문은 유지하려 합니다. 각 주문의 취소 범위가 어떻게 접수됐는지 공식 반환 담당자에게 확인하고 싶어요.

점자 라벨 제작기의 발송을 기다리고 있습니다. 운송장에는 앞뒤 방향을 구분하는 취급 표시가 빠져 있는데 판매자는 방향을 지켜야 한다고 안내했어요. 주문 취소보다 먼저 운송 건에 필요한 취급 정보가 전달됐는지 배송 지원에서 확인하고 싶습니다.
위 별도 상담들은 확인을 마쳐 종료된 기록입니다. 이번에 답변받을 내용은 앞에 적은 새 문의입니다.","account","advanced-inquiries-added-v1-003","team-added-synthetic:advanced-inquiries-context-v1"
"adv-add-i-fc6a7c625b1b","이미 종료된 별도 상담 기록
접이식 전시 받침을 취소한 뒤 판매자가 환급액을 송금했다고 알렸습니다. 그런데 받은 송금 확인서의 참조 번호는 다른 구매 건과 연결되는 것처럼 보여요. 돈을 다시 보내 달라고 요청하기 전에 이번 취소 건에 어떤 반환 기록이 연결됐는지 확인하고 싶습니다.

전시 받침을 주문한 회원 계정의 소속 이름이 길어 일부 화면에서 잘립니다. 주문자 이름이나 결제 증빙은 그대로 두고 프로필 소속의 약칭을 별도로 저장할 수 있는지 궁금해요. 계정 정보의 표시 방식과 변경 가능 여부를 공식 관리에서 확인하고 싶습니다.
위 상담들은 필요한 확인을 마쳐 종료된 별도 기록이며 아래 현재 요청을 다시 처리한 것으로 보지 않습니다.

이번에 새로 접수한 문의
접이식 전시 받침은 계속 구매할 생각입니다. 받는 장소가 임시 도로명으로 안내되어 있고 지도상의 지점 번호는 기존 이름을 사용하고 있어요. 회원 주소록을 바꾸는 대신 이번 운송 건에 두 표기가 같은 출입구임을 전달할 공식 방법을 알고 싶습니다.","shipping","advanced-inquiries-added-v1-004","team-added-synthetic:advanced-inquiries-context-v1"
"adv-add-i-e710cd12a548","이번에 새로 접수한 문의
접이식 전시 받침은 계속 구매할 생각입니다. 받는 장소가 임시 도로명으로 안내되어 있고 지도상의 지점 번호는 기존 이름을 사용하고 있어요. 회원 주소록을 바꾸는 대신 이번 운송 건에 두 표기가 같은 출입구임을 전달할 공식 방법을 알고 싶습니다.

이미 종료된 별도 상담 기록
전시 받침을 주문한 회원 계정의 소속 이름이 길어 일부 화면에서 잘립니다. 주문자 이름이나 결제 증빙은 그대로 두고 프로필 소속의 약칭을 별도로 저장할 수 있는지 궁금해요. 계정 정보의 표시 방식과 변경 가능 여부를 공식 관리에서 확인하고 싶습니다.

접이식 전시 받침을 취소한 뒤 판매자가 환급액을 송금했다고 알렸습니다. 그런데 받은 송금 확인서의 참조 번호는 다른 구매 건과 연결되는 것처럼 보여요. 돈을 다시 보내 달라고 요청하기 전에 이번 취소 건에 어떤 반환 기록이 연결됐는지 확인하고 싶습니다.
위 별도 상담들은 확인을 마쳐 종료된 기록입니다. 이번에 답변받을 내용은 앞에 적은 새 문의입니다.","shipping","advanced-inquiries-added-v1-004","team-added-synthetic:advanced-inquiries-context-v1"
"adv-add-i-b8a5d98b491a","이미 종료된 별도 상담 기록
접이식 전시 받침은 계속 구매할 생각입니다. 받는 장소가 임시 도로명으로 안내되어 있고 지도상의 지점 번호는 기존 이름을 사용하고 있어요. 회원 주소록을 바꾸는 대신 이번 운송 건에 두 표기가 같은 출입구임을 전달할 공식 방법을 알고 싶습니다.

전시 받침을 주문한 회원 계정의 소속 이름이 길어 일부 화면에서 잘립니다. 주문자 이름이나 결제 증빙은 그대로 두고 프로필 소속의 약칭을 별도로 저장할 수 있는지 궁금해요. 계정 정보의 표시 방식과 변경 가능 여부를 공식 관리에서 확인하고 싶습니다.
위 상담들은 필요한 확인을 마쳐 종료된 별도 기록이며 아래 현재 요청을 다시 처리한 것으로 보지 않습니다.

이번에 새로 접수한 문의
접이식 전시 받침을 취소한 뒤 판매자가 환급액을 송금했다고 알렸습니다. 그런데 받은 송금 확인서의 참조 번호는 다른 구매 건과 연결되는 것처럼 보여요. 돈을 다시 보내 달라고 요청하기 전에 이번 취소 건에 어떤 반환 기록이 연결됐는지 확인하고 싶습니다.","refund","advanced-inquiries-added-v1-004","team-added-synthetic:advanced-inquiries-context-v1"
"adv-add-i-6d349305fdd3","이번에 새로 접수한 문의
접이식 전시 받침을 취소한 뒤 판매자가 환급액을 송금했다고 알렸습니다. 그런데 받은 송금 확인서의 참조 번호는 다른 구매 건과 연결되는 것처럼 보여요. 돈을 다시 보내 달라고 요청하기 전에 이번 취소 건에 어떤 반환 기록이 연결됐는지 확인하고 싶습니다.

이미 종료된 별도 상담 기록
전시 받침을 주문한 회원 계정의 소속 이름이 길어 일부 화면에서 잘립니다. 주문자 이름이나 결제 증빙은 그대로 두고 프로필 소속의 약칭을 별도로 저장할 수 있는지 궁금해요. 계정 정보의 표시 방식과 변경 가능 여부를 공식 관리에서 확인하고 싶습니다.

접이식 전시 받침은 계속 구매할 생각입니다. 받는 장소가 임시 도로명으로 안내되어 있고 지도상의 지점 번호는 기존 이름을 사용하고 있어요. 회원 주소록을 바꾸는 대신 이번 운송 건에 두 표기가 같은 출입구임을 전달할 공식 방법을 알고 싶습니다.
위 별도 상담들은 확인을 마쳐 종료된 기록입니다. 이번에 답변받을 내용은 앞에 적은 새 문의입니다.","refund","advanced-inquiries-added-v1-004","team-added-synthetic:advanced-inquiries-context-v1"
"adv-add-i-b2d4e85bb9b9","이미 종료된 별도 상담 기록
접이식 전시 받침은 계속 구매할 생각입니다. 받는 장소가 임시 도로명으로 안내되어 있고 지도상의 지점 번호는 기존 이름을 사용하고 있어요. 회원 주소록을 바꾸는 대신 이번 운송 건에 두 표기가 같은 출입구임을 전달할 공식 방법을 알고 싶습니다.

접이식 전시 받침을 취소한 뒤 판매자가 환급액을 송금했다고 알렸습니다. 그런데 받은 송금 확인서의 참조 번호는 다른 구매 건과 연결되는 것처럼 보여요. 돈을 다시 보내 달라고 요청하기 전에 이번 취소 건에 어떤 반환 기록이 연결됐는지 확인하고 싶습니다.
위 상담들은 필요한 확인을 마쳐 종료된 별도 기록이며 아래 현재 요청을 다시 처리한 것으로 보지 않습니다.

이번에 새로 접수한 문의
전시 받침을 주문한 회원 계정의 소속 이름이 길어 일부 화면에서 잘립니다. 주문자 이름이나 결제 증빙은 그대로 두고 프로필 소속의 약칭을 별도로 저장할 수 있는지 궁금해요. 계정 정보의 표시 방식과 변경 가능 여부를 공식 관리에서 확인하고 싶습니다.","account","advanced-inquiries-added-v1-004","team-added-synthetic:advanced-inquiries-context-v1"
"adv-add-i-90a051b51401","이번에 새로 접수한 문의
전시 받침을 주문한 회원 계정의 소속 이름이 길어 일부 화면에서 잘립니다. 주문자 이름이나 결제 증빙은 그대로 두고 프로필 소속의 약칭을 별도로 저장할 수 있는지 궁금해요. 계정 정보의 표시 방식과 변경 가능 여부를 공식 관리에서 확인하고 싶습니다.

이미 종료된 별도 상담 기록
접이식 전시 받침을 취소한 뒤 판매자가 환급액을 송금했다고 알렸습니다. 그런데 받은 송금 확인서의 참조 번호는 다른 구매 건과 연결되는 것처럼 보여요. 돈을 다시 보내 달라고 요청하기 전에 이번 취소 건에 어떤 반환 기록이 연결됐는지 확인하고 싶습니다.

접이식 전시 받침은 계속 구매할 생각입니다. 받는 장소가 임시 도로명으로 안내되어 있고 지도상의 지점 번호는 기존 이름을 사용하고 있어요. 회원 주소록을 바꾸는 대신 이번 운송 건에 두 표기가 같은 출입구임을 전달할 공식 방법을 알고 싶습니다.
위 별도 상담들은 확인을 마쳐 종료된 기록입니다. 이번에 답변받을 내용은 앞에 적은 새 문의입니다.","account","advanced-inquiries-added-v1-004","team-added-synthetic:advanced-inquiries-context-v1"
"adv-add-i-1bbad2f50612","이미 종료된 별도 상담 기록
색상 표준표의 구매를 취소했는데 해외 통화 결제 내역과 반환 내역의 통화 표기가 다릅니다. 추가 금액을 받을 수 있다고 가정하는 것이 아니라 어떤 환산 기준과 공제 항목이 적용됐는지 알고 싶어요. 이번 취소 건의 환급 계산 근거를 확인할 공식 경로를 알려 주세요.

색상 표준표 자료를 보는 회원 화면에서 계정의 시간대 표시가 실제 거주지와 다릅니다. 배송 도착일을 바꾸려는 것이 아니라 내 활동 기록의 표시 시간을 조정할 수 있는지 궁금해요. 시간대 설정이 기록 원본에도 영향을 주는지 공식 계정 설명을 확인하고 싶습니다.
위 상담들은 필요한 확인을 마쳐 종료된 별도 기록이며 아래 현재 요청을 다시 처리한 것으로 보지 않습니다.

이번에 새로 접수한 문의
휴대용 색상 표준표를 받을 예정인데 운송 안내에 직사광선을 피해야 한다고 적혀 있습니다. 건물 접수대는 오후에 햇빛이 들어와 무인 보관 요청을 그대로 둘지 판단하기 어렵습니다. 취소하려는 것은 아니고 인도 전까지 적용할 보관 조건을 공식 배송 담당자와 확인하고 싶어요.","shipping","advanced-inquiries-added-v1-005","team-added-synthetic:advanced-inquiries-context-v1"
"adv-add-i-97d724f58e6a","이번에 새로 접수한 문의
휴대용 색상 표준표를 받을 예정인데 운송 안내에 직사광선을 피해야 한다고 적혀 있습니다. 건물 접수대는 오후에 햇빛이 들어와 무인 보관 요청을 그대로 둘지 판단하기 어렵습니다. 취소하려는 것은 아니고 인도 전까지 적용할 보관 조건을 공식 배송 담당자와 확인하고 싶어요.

이미 종료된 별도 상담 기록
색상 표준표 자료를 보는 회원 화면에서 계정의 시간대 표시가 실제 거주지와 다릅니다. 배송 도착일을 바꾸려는 것이 아니라 내 활동 기록의 표시 시간을 조정할 수 있는지 궁금해요. 시간대 설정이 기록 원본에도 영향을 주는지 공식 계정 설명을 확인하고 싶습니다.

색상 표준표의 구매를 취소했는데 해외 통화 결제 내역과 반환 내역의 통화 표기가 다릅니다. 추가 금액을 받을 수 있다고 가정하는 것이 아니라 어떤 환산 기준과 공제 항목이 적용됐는지 알고 싶어요. 이번 취소 건의 환급 계산 근거를 확인할 공식 경로를 알려 주세요.
위 별도 상담들은 확인을 마쳐 종료된 기록입니다. 이번에 답변받을 내용은 앞에 적은 새 문의입니다.","shipping","advanced-inquiries-added-v1-005","team-added-synthetic:advanced-inquiries-context-v1"
"adv-add-i-aeaff3a9bbce","이미 종료된 별도 상담 기록
휴대용 색상 표준표를 받을 예정인데 운송 안내에 직사광선을 피해야 한다고 적혀 있습니다. 건물 접수대는 오후에 햇빛이 들어와 무인 보관 요청을 그대로 둘지 판단하기 어렵습니다. 취소하려는 것은 아니고 인도 전까지 적용할 보관 조건을 공식 배송 담당자와 확인하고 싶어요.

색상 표준표 자료를 보는 회원 화면에서 계정의 시간대 표시가 실제 거주지와 다릅니다. 배송 도착일을 바꾸려는 것이 아니라 내 활동 기록의 표시 시간을 조정할 수 있는지 궁금해요. 시간대 설정이 기록 원본에도 영향을 주는지 공식 계정 설명을 확인하고 싶습니다.
위 상담들은 필요한 확인을 마쳐 종료된 별도 기록이며 아래 현재 요청을 다시 처리한 것으로 보지 않습니다.

이번에 새로 접수한 문의
색상 표준표의 구매를 취소했는데 해외 통화 결제 내역과 반환 내역의 통화 표기가 다릅니다. 추가 금액을 받을 수 있다고 가정하는 것이 아니라 어떤 환산 기준과 공제 항목이 적용됐는지 알고 싶어요. 이번 취소 건의 환급 계산 근거를 확인할 공식 경로를 알려 주세요.","refund","advanced-inquiries-added-v1-005","team-added-synthetic:advanced-inquiries-context-v1"
"adv-add-i-bf12856226fb","이번에 새로 접수한 문의
색상 표준표의 구매를 취소했는데 해외 통화 결제 내역과 반환 내역의 통화 표기가 다릅니다. 추가 금액을 받을 수 있다고 가정하는 것이 아니라 어떤 환산 기준과 공제 항목이 적용됐는지 알고 싶어요. 이번 취소 건의 환급 계산 근거를 확인할 공식 경로를 알려 주세요.

이미 종료된 별도 상담 기록
색상 표준표 자료를 보는 회원 화면에서 계정의 시간대 표시가 실제 거주지와 다릅니다. 배송 도착일을 바꾸려는 것이 아니라 내 활동 기록의 표시 시간을 조정할 수 있는지 궁금해요. 시간대 설정이 기록 원본에도 영향을 주는지 공식 계정 설명을 확인하고 싶습니다.

휴대용 색상 표준표를 받을 예정인데 운송 안내에 직사광선을 피해야 한다고 적혀 있습니다. 건물 접수대는 오후에 햇빛이 들어와 무인 보관 요청을 그대로 둘지 판단하기 어렵습니다. 취소하려는 것은 아니고 인도 전까지 적용할 보관 조건을 공식 배송 담당자와 확인하고 싶어요.
위 별도 상담들은 확인을 마쳐 종료된 기록입니다. 이번에 답변받을 내용은 앞에 적은 새 문의입니다.","refund","advanced-inquiries-added-v1-005","team-added-synthetic:advanced-inquiries-context-v1"
"adv-add-i-829b23832a66","이미 종료된 별도 상담 기록
휴대용 색상 표준표를 받을 예정인데 운송 안내에 직사광선을 피해야 한다고 적혀 있습니다. 건물 접수대는 오후에 햇빛이 들어와 무인 보관 요청을 그대로 둘지 판단하기 어렵습니다. 취소하려는 것은 아니고 인도 전까지 적용할 보관 조건을 공식 배송 담당자와 확인하고 싶어요.

색상 표준표의 구매를 취소했는데 해외 통화 결제 내역과 반환 내역의 통화 표기가 다릅니다. 추가 금액을 받을 수 있다고 가정하는 것이 아니라 어떤 환산 기준과 공제 항목이 적용됐는지 알고 싶어요. 이번 취소 건의 환급 계산 근거를 확인할 공식 경로를 알려 주세요.
위 상담들은 필요한 확인을 마쳐 종료된 별도 기록이며 아래 현재 요청을 다시 처리한 것으로 보지 않습니다.

이번에 새로 접수한 문의
색상 표준표 자료를 보는 회원 화면에서 계정의 시간대 표시가 실제 거주지와 다릅니다. 배송 도착일을 바꾸려는 것이 아니라 내 활동 기록의 표시 시간을 조정할 수 있는지 궁금해요. 시간대 설정이 기록 원본에도 영향을 주는지 공식 계정 설명을 확인하고 싶습니다.","account","advanced-inquiries-added-v1-005","team-added-synthetic:advanced-inquiries-context-v1"
"adv-add-i-35c2e827d53e","이번에 새로 접수한 문의
색상 표준표 자료를 보는 회원 화면에서 계정의 시간대 표시가 실제 거주지와 다릅니다. 배송 도착일을 바꾸려는 것이 아니라 내 활동 기록의 표시 시간을 조정할 수 있는지 궁금해요. 시간대 설정이 기록 원본에도 영향을 주는지 공식 계정 설명을 확인하고 싶습니다.

이미 종료된 별도 상담 기록
색상 표준표의 구매를 취소했는데 해외 통화 결제 내역과 반환 내역의 통화 표기가 다릅니다. 추가 금액을 받을 수 있다고 가정하는 것이 아니라 어떤 환산 기준과 공제 항목이 적용됐는지 알고 싶어요. 이번 취소 건의 환급 계산 근거를 확인할 공식 경로를 알려 주세요.

휴대용 색상 표준표를 받을 예정인데 운송 안내에 직사광선을 피해야 한다고 적혀 있습니다. 건물 접수대는 오후에 햇빛이 들어와 무인 보관 요청을 그대로 둘지 판단하기 어렵습니다. 취소하려는 것은 아니고 인도 전까지 적용할 보관 조건을 공식 배송 담당자와 확인하고 싶어요.
위 별도 상담들은 확인을 마쳐 종료된 기록입니다. 이번에 답변받을 내용은 앞에 적은 새 문의입니다.","account","advanced-inquiries-added-v1-005","team-added-synthetic:advanced-inquiries-context-v1"
"adv-add-i-5b5f3248cbbd","이미 종료된 별도 상담 기록
전시 깃발 주문을 취소했는데 단체 할인 조건 때문에 다른 유지 주문의 가격까지 다시 계산된다고 안내받았습니다. 유지 주문의 배송은 계속 받을 생각이에요. 이번 취소 건의 실제 반환액과 할인 조정 근거를 구분해서 확인하고 싶습니다.

전시 깃발 구매 담당자 계정의 문서 공유 이름이 개인 이름으로 표시됩니다. 주문 담당자 권한을 넘기거나 구매를 취소하려는 것이 아니라 공유 화면의 노출 이름만 조정할 수 있는지 궁금해요. 계정의 공개 이름과 내부 실명 항목을 따로 관리할 수 있는지 확인하고 싶습니다.
위 상담들은 필요한 확인을 마쳐 종료된 별도 기록이며 아래 현재 요청을 다시 처리한 것으로 보지 않습니다.

이번에 새로 접수한 문의
전시 깃발을 주문했는데 배송 차량이 행사장의 일반 차량 동선으로 들어오면 관람객 입구와 충돌할 수 있습니다. 회원정보나 상품 주문을 변경하려는 요청은 아닙니다. 이번 운송 담당자에게 화물 전용 동선 도면을 공식적으로 전달할 방법을 확인하고 싶어요.","shipping","advanced-inquiries-added-v1-006","team-added-synthetic:advanced-inquiries-context-v1"
"adv-add-i-1b051e5fb4ee","이번에 새로 접수한 문의
전시 깃발을 주문했는데 배송 차량이 행사장의 일반 차량 동선으로 들어오면 관람객 입구와 충돌할 수 있습니다. 회원정보나 상품 주문을 변경하려는 요청은 아닙니다. 이번 운송 담당자에게 화물 전용 동선 도면을 공식적으로 전달할 방법을 확인하고 싶어요.

이미 종료된 별도 상담 기록
전시 깃발 구매 담당자 계정의 문서 공유 이름이 개인 이름으로 표시됩니다. 주문 담당자 권한을 넘기거나 구매를 취소하려는 것이 아니라 공유 화면의 노출 이름만 조정할 수 있는지 궁금해요. 계정의 공개 이름과 내부 실명 항목을 따로 관리할 수 있는지 확인하고 싶습니다.

전시 깃발 주문을 취소했는데 단체 할인 조건 때문에 다른 유지 주문의 가격까지 다시 계산된다고 안내받았습니다. 유지 주문의 배송은 계속 받을 생각이에요. 이번 취소 건의 실제 반환액과 할인 조정 근거를 구분해서 확인하고 싶습니다.
위 별도 상담들은 확인을 마쳐 종료된 기록입니다. 이번에 답변받을 내용은 앞에 적은 새 문의입니다.","shipping","advanced-inquiries-added-v1-006","team-added-synthetic:advanced-inquiries-context-v1"
"adv-add-i-55ebf72dc299","이미 종료된 별도 상담 기록
전시 깃발을 주문했는데 배송 차량이 행사장의 일반 차량 동선으로 들어오면 관람객 입구와 충돌할 수 있습니다. 회원정보나 상품 주문을 변경하려는 요청은 아닙니다. 이번 운송 담당자에게 화물 전용 동선 도면을 공식적으로 전달할 방법을 확인하고 싶어요.

전시 깃발 구매 담당자 계정의 문서 공유 이름이 개인 이름으로 표시됩니다. 주문 담당자 권한을 넘기거나 구매를 취소하려는 것이 아니라 공유 화면의 노출 이름만 조정할 수 있는지 궁금해요. 계정의 공개 이름과 내부 실명 항목을 따로 관리할 수 있는지 확인하고 싶습니다.
위 상담들은 필요한 확인을 마쳐 종료된 별도 기록이며 아래 현재 요청을 다시 처리한 것으로 보지 않습니다.

이번에 새로 접수한 문의
전시 깃발 주문을 취소했는데 단체 할인 조건 때문에 다른 유지 주문의 가격까지 다시 계산된다고 안내받았습니다. 유지 주문의 배송은 계속 받을 생각이에요. 이번 취소 건의 실제 반환액과 할인 조정 근거를 구분해서 확인하고 싶습니다.","refund","advanced-inquiries-added-v1-006","team-added-synthetic:advanced-inquiries-context-v1"
"adv-add-i-9ae0de80978c","이번에 새로 접수한 문의
전시 깃발 주문을 취소했는데 단체 할인 조건 때문에 다른 유지 주문의 가격까지 다시 계산된다고 안내받았습니다. 유지 주문의 배송은 계속 받을 생각이에요. 이번 취소 건의 실제 반환액과 할인 조정 근거를 구분해서 확인하고 싶습니다.

이미 종료된 별도 상담 기록
전시 깃발 구매 담당자 계정의 문서 공유 이름이 개인 이름으로 표시됩니다. 주문 담당자 권한을 넘기거나 구매를 취소하려는 것이 아니라 공유 화면의 노출 이름만 조정할 수 있는지 궁금해요. 계정의 공개 이름과 내부 실명 항목을 따로 관리할 수 있는지 확인하고 싶습니다.

전시 깃발을 주문했는데 배송 차량이 행사장의 일반 차량 동선으로 들어오면 관람객 입구와 충돌할 수 있습니다. 회원정보나 상품 주문을 변경하려는 요청은 아닙니다. 이번 운송 담당자에게 화물 전용 동선 도면을 공식적으로 전달할 방법을 확인하고 싶어요.
위 별도 상담들은 확인을 마쳐 종료된 기록입니다. 이번에 답변받을 내용은 앞에 적은 새 문의입니다.","refund","advanced-inquiries-added-v1-006","team-added-synthetic:advanced-inquiries-context-v1"
"adv-add-i-b61e6172f186","이미 종료된 별도 상담 기록
전시 깃발을 주문했는데 배송 차량이 행사장의 일반 차량 동선으로 들어오면 관람객 입구와 충돌할 수 있습니다. 회원정보나 상품 주문을 변경하려는 요청은 아닙니다. 이번 운송 담당자에게 화물 전용 동선 도면을 공식적으로 전달할 방법을 확인하고 싶어요.

전시 깃발 주문을 취소했는데 단체 할인 조건 때문에 다른 유지 주문의 가격까지 다시 계산된다고 안내받았습니다. 유지 주문의 배송은 계속 받을 생각이에요. 이번 취소 건의 실제 반환액과 할인 조정 근거를 구분해서 확인하고 싶습니다.
위 상담들은 필요한 확인을 마쳐 종료된 별도 기록이며 아래 현재 요청을 다시 처리한 것으로 보지 않습니다.

이번에 새로 접수한 문의
전시 깃발 구매 담당자 계정의 문서 공유 이름이 개인 이름으로 표시됩니다. 주문 담당자 권한을 넘기거나 구매를 취소하려는 것이 아니라 공유 화면의 노출 이름만 조정할 수 있는지 궁금해요. 계정의 공개 이름과 내부 실명 항목을 따로 관리할 수 있는지 확인하고 싶습니다.","account","advanced-inquiries-added-v1-006","team-added-synthetic:advanced-inquiries-context-v1"
"adv-add-i-b1b4af2e32da","이번에 새로 접수한 문의
전시 깃발 구매 담당자 계정의 문서 공유 이름이 개인 이름으로 표시됩니다. 주문 담당자 권한을 넘기거나 구매를 취소하려는 것이 아니라 공유 화면의 노출 이름만 조정할 수 있는지 궁금해요. 계정의 공개 이름과 내부 실명 항목을 따로 관리할 수 있는지 확인하고 싶습니다.

이미 종료된 별도 상담 기록
전시 깃발 주문을 취소했는데 단체 할인 조건 때문에 다른 유지 주문의 가격까지 다시 계산된다고 안내받았습니다. 유지 주문의 배송은 계속 받을 생각이에요. 이번 취소 건의 실제 반환액과 할인 조정 근거를 구분해서 확인하고 싶습니다.

전시 깃발을 주문했는데 배송 차량이 행사장의 일반 차량 동선으로 들어오면 관람객 입구와 충돌할 수 있습니다. 회원정보나 상품 주문을 변경하려는 요청은 아닙니다. 이번 운송 담당자에게 화물 전용 동선 도면을 공식적으로 전달할 방법을 확인하고 싶어요.
위 별도 상담들은 확인을 마쳐 종료된 기록입니다. 이번에 답변받을 내용은 앞에 적은 새 문의입니다.","account","advanced-inquiries-added-v1-006","team-added-synthetic:advanced-inquiries-context-v1"
"adv-add-i-e3d5c2f7c605","이미 종료된 별도 상담 기록
보존용 중성지를 주문 취소했는데 상품 값과 포장 보증금이 함께 결제된 내역입니다. 포장재도 아직 수령하지 않았고 별도 반납을 진행한 적이 없어요. 두 결제 항목의 취소 상태와 반환 조건을 각각 확인할 공식 경로가 궁금합니다.

보존용 중성지 관련 관심 목록의 항목 순서를 제 계정에 저장하고 싶습니다. 목록을 삭제하거나 주문 순서를 바꾸려는 것은 아니에요. 내 정렬 설정이 다른 공동 사용자의 목록에도 적용되는지 계정 관리 기준을 확인하고 싶습니다.
위 상담들은 필요한 확인을 마쳐 종료된 별도 기록이며 아래 현재 요청을 다시 처리한 것으로 보지 않습니다.

이번에 새로 접수한 문의
보존용 중성지 주문은 유지합니다. 운송장은 건물 번호까지만 표시하고 있어서 같은 건물 안의 지하 보존실과 지상 접수실 중 어디로 인도되는지 모르겠어요. 일반 회원 주소를 바꾸지 않고 이번 배송 건의 지정 층이 전달됐는지 공식적으로 확인하고 싶습니다.","shipping","advanced-inquiries-added-v1-007","team-added-synthetic:advanced-inquiries-context-v1"
"adv-add-i-d9c5b477f943","이번에 새로 접수한 문의
보존용 중성지 주문은 유지합니다. 운송장은 건물 번호까지만 표시하고 있어서 같은 건물 안의 지하 보존실과 지상 접수실 중 어디로 인도되는지 모르겠어요. 일반 회원 주소를 바꾸지 않고 이번 배송 건의 지정 층이 전달됐는지 공식적으로 확인하고 싶습니다.

이미 종료된 별도 상담 기록
보존용 중성지 관련 관심 목록의 항목 순서를 제 계정에 저장하고 싶습니다. 목록을 삭제하거나 주문 순서를 바꾸려는 것은 아니에요. 내 정렬 설정이 다른 공동 사용자의 목록에도 적용되는지 계정 관리 기준을 확인하고 싶습니다.

보존용 중성지를 주문 취소했는데 상품 값과 포장 보증금이 함께 결제된 내역입니다. 포장재도 아직 수령하지 않았고 별도 반납을 진행한 적이 없어요. 두 결제 항목의 취소 상태와 반환 조건을 각각 확인할 공식 경로가 궁금합니다.
위 별도 상담들은 확인을 마쳐 종료된 기록입니다. 이번에 답변받을 내용은 앞에 적은 새 문의입니다.","shipping","advanced-inquiries-added-v1-007","team-added-synthetic:advanced-inquiries-context-v1"
"adv-add-i-786976b6bc2c","이미 종료된 별도 상담 기록
보존용 중성지 주문은 유지합니다. 운송장은 건물 번호까지만 표시하고 있어서 같은 건물 안의 지하 보존실과 지상 접수실 중 어디로 인도되는지 모르겠어요. 일반 회원 주소를 바꾸지 않고 이번 배송 건의 지정 층이 전달됐는지 공식적으로 확인하고 싶습니다.

보존용 중성지 관련 관심 목록의 항목 순서를 제 계정에 저장하고 싶습니다. 목록을 삭제하거나 주문 순서를 바꾸려는 것은 아니에요. 내 정렬 설정이 다른 공동 사용자의 목록에도 적용되는지 계정 관리 기준을 확인하고 싶습니다.
위 상담들은 필요한 확인을 마쳐 종료된 별도 기록이며 아래 현재 요청을 다시 처리한 것으로 보지 않습니다.

이번에 새로 접수한 문의
보존용 중성지를 주문 취소했는데 상품 값과 포장 보증금이 함께 결제된 내역입니다. 포장재도 아직 수령하지 않았고 별도 반납을 진행한 적이 없어요. 두 결제 항목의 취소 상태와 반환 조건을 각각 확인할 공식 경로가 궁금합니다.","refund","advanced-inquiries-added-v1-007","team-added-synthetic:advanced-inquiries-context-v1"
"adv-add-i-0fd00b6f8089","이번에 새로 접수한 문의
보존용 중성지를 주문 취소했는데 상품 값과 포장 보증금이 함께 결제된 내역입니다. 포장재도 아직 수령하지 않았고 별도 반납을 진행한 적이 없어요. 두 결제 항목의 취소 상태와 반환 조건을 각각 확인할 공식 경로가 궁금합니다.

이미 종료된 별도 상담 기록
보존용 중성지 관련 관심 목록의 항목 순서를 제 계정에 저장하고 싶습니다. 목록을 삭제하거나 주문 순서를 바꾸려는 것은 아니에요. 내 정렬 설정이 다른 공동 사용자의 목록에도 적용되는지 계정 관리 기준을 확인하고 싶습니다.

보존용 중성지 주문은 유지합니다. 운송장은 건물 번호까지만 표시하고 있어서 같은 건물 안의 지하 보존실과 지상 접수실 중 어디로 인도되는지 모르겠어요. 일반 회원 주소를 바꾸지 않고 이번 배송 건의 지정 층이 전달됐는지 공식적으로 확인하고 싶습니다.
위 별도 상담들은 확인을 마쳐 종료된 기록입니다. 이번에 답변받을 내용은 앞에 적은 새 문의입니다.","refund","advanced-inquiries-added-v1-007","team-added-synthetic:advanced-inquiries-context-v1"
"adv-add-i-1759e603267e","이미 종료된 별도 상담 기록
보존용 중성지 주문은 유지합니다. 운송장은 건물 번호까지만 표시하고 있어서 같은 건물 안의 지하 보존실과 지상 접수실 중 어디로 인도되는지 모르겠어요. 일반 회원 주소를 바꾸지 않고 이번 배송 건의 지정 층이 전달됐는지 공식적으로 확인하고 싶습니다.

보존용 중성지를 주문 취소했는데 상품 값과 포장 보증금이 함께 결제된 내역입니다. 포장재도 아직 수령하지 않았고 별도 반납을 진행한 적이 없어요. 두 결제 항목의 취소 상태와 반환 조건을 각각 확인할 공식 경로가 궁금합니다.
위 상담들은 필요한 확인을 마쳐 종료된 별도 기록이며 아래 현재 요청을 다시 처리한 것으로 보지 않습니다.

이번에 새로 접수한 문의
보존용 중성지 관련 관심 목록의 항목 순서를 제 계정에 저장하고 싶습니다. 목록을 삭제하거나 주문 순서를 바꾸려는 것은 아니에요. 내 정렬 설정이 다른 공동 사용자의 목록에도 적용되는지 계정 관리 기준을 확인하고 싶습니다.","account","advanced-inquiries-added-v1-007","team-added-synthetic:advanced-inquiries-context-v1"
"adv-add-i-0c33f9bdb8ba","이번에 새로 접수한 문의
보존용 중성지 관련 관심 목록의 항목 순서를 제 계정에 저장하고 싶습니다. 목록을 삭제하거나 주문 순서를 바꾸려는 것은 아니에요. 내 정렬 설정이 다른 공동 사용자의 목록에도 적용되는지 계정 관리 기준을 확인하고 싶습니다.

이미 종료된 별도 상담 기록
보존용 중성지를 주문 취소했는데 상품 값과 포장 보증금이 함께 결제된 내역입니다. 포장재도 아직 수령하지 않았고 별도 반납을 진행한 적이 없어요. 두 결제 항목의 취소 상태와 반환 조건을 각각 확인할 공식 경로가 궁금합니다.

보존용 중성지 주문은 유지합니다. 운송장은 건물 번호까지만 표시하고 있어서 같은 건물 안의 지하 보존실과 지상 접수실 중 어디로 인도되는지 모르겠어요. 일반 회원 주소를 바꾸지 않고 이번 배송 건의 지정 층이 전달됐는지 공식적으로 확인하고 싶습니다.
위 별도 상담들은 확인을 마쳐 종료된 기록입니다. 이번에 답변받을 내용은 앞에 적은 새 문의입니다.","account","advanced-inquiries-added-v1-007","team-added-synthetic:advanced-inquiries-context-v1"
"adv-add-i-d27d9b515778","이미 종료된 별도 상담 기록
진공 포장기를 취소했는데 판매자가 기기 가격은 반환 대상이고 추가 보증 상품은 별도라고 안내했습니다. 보증 상품도 같은 결제에서 구입했지만 이용하거나 등록한 적은 없습니다. 각 결제 항목의 취소 가능 여부와 접수 경로를 확인하고 싶습니다.

진공 포장기 구매 계정에 접근은 가능합니다. 프로필의 직무 분류가 자동 선택된 것으로 보이는데 어떤 근거로 저장됐는지 모르겠어요. 회원정보의 직무 항목을 확인하고 정정할 공식 경로를 알고 싶습니다.
위 상담들은 필요한 확인을 마쳐 종료된 별도 기록이며 아래 현재 요청을 다시 처리한 것으로 보지 않습니다.

이번에 새로 접수한 문의
진공 포장기를 받을 건물은 외부 기사 방문 전에 운송 업체명만 등록해야 합니다. 기사 개인 정보를 이 대화에 남기고 싶지는 않아요. 주문을 취소하지 않고 이번 배송을 맡은 공식 업체 정보를 어디에서 확인할 수 있는지 알려 주세요.","shipping","advanced-inquiries-added-v1-008","team-added-synthetic:advanced-inquiries-context-v1"
"adv-add-i-a0427e624ecc","이번에 새로 접수한 문의
진공 포장기를 받을 건물은 외부 기사 방문 전에 운송 업체명만 등록해야 합니다. 기사 개인 정보를 이 대화에 남기고 싶지는 않아요. 주문을 취소하지 않고 이번 배송을 맡은 공식 업체 정보를 어디에서 확인할 수 있는지 알려 주세요.

이미 종료된 별도 상담 기록
진공 포장기 구매 계정에 접근은 가능합니다. 프로필의 직무 분류가 자동 선택된 것으로 보이는데 어떤 근거로 저장됐는지 모르겠어요. 회원정보의 직무 항목을 확인하고 정정할 공식 경로를 알고 싶습니다.

진공 포장기를 취소했는데 판매자가 기기 가격은 반환 대상이고 추가 보증 상품은 별도라고 안내했습니다. 보증 상품도 같은 결제에서 구입했지만 이용하거나 등록한 적은 없습니다. 각 결제 항목의 취소 가능 여부와 접수 경로를 확인하고 싶습니다.
위 별도 상담들은 확인을 마쳐 종료된 기록입니다. 이번에 답변받을 내용은 앞에 적은 새 문의입니다.","shipping","advanced-inquiries-added-v1-008","team-added-synthetic:advanced-inquiries-context-v1"
"adv-add-i-a106938a1743","이미 종료된 별도 상담 기록
진공 포장기를 받을 건물은 외부 기사 방문 전에 운송 업체명만 등록해야 합니다. 기사 개인 정보를 이 대화에 남기고 싶지는 않아요. 주문을 취소하지 않고 이번 배송을 맡은 공식 업체 정보를 어디에서 확인할 수 있는지 알려 주세요.

진공 포장기 구매 계정에 접근은 가능합니다. 프로필의 직무 분류가 자동 선택된 것으로 보이는데 어떤 근거로 저장됐는지 모르겠어요. 회원정보의 직무 항목을 확인하고 정정할 공식 경로를 알고 싶습니다.
위 상담들은 필요한 확인을 마쳐 종료된 별도 기록이며 아래 현재 요청을 다시 처리한 것으로 보지 않습니다.

이번에 새로 접수한 문의
진공 포장기를 취소했는데 판매자가 기기 가격은 반환 대상이고 추가 보증 상품은 별도라고 안내했습니다. 보증 상품도 같은 결제에서 구입했지만 이용하거나 등록한 적은 없습니다. 각 결제 항목의 취소 가능 여부와 접수 경로를 확인하고 싶습니다.","refund","advanced-inquiries-added-v1-008","team-added-synthetic:advanced-inquiries-context-v1"
"adv-add-i-277da9520abb","이번에 새로 접수한 문의
진공 포장기를 취소했는데 판매자가 기기 가격은 반환 대상이고 추가 보증 상품은 별도라고 안내했습니다. 보증 상품도 같은 결제에서 구입했지만 이용하거나 등록한 적은 없습니다. 각 결제 항목의 취소 가능 여부와 접수 경로를 확인하고 싶습니다.

이미 종료된 별도 상담 기록
진공 포장기 구매 계정에 접근은 가능합니다. 프로필의 직무 분류가 자동 선택된 것으로 보이는데 어떤 근거로 저장됐는지 모르겠어요. 회원정보의 직무 항목을 확인하고 정정할 공식 경로를 알고 싶습니다.

진공 포장기를 받을 건물은 외부 기사 방문 전에 운송 업체명만 등록해야 합니다. 기사 개인 정보를 이 대화에 남기고 싶지는 않아요. 주문을 취소하지 않고 이번 배송을 맡은 공식 업체 정보를 어디에서 확인할 수 있는지 알려 주세요.
위 별도 상담들은 확인을 마쳐 종료된 기록입니다. 이번에 답변받을 내용은 앞에 적은 새 문의입니다.","refund","advanced-inquiries-added-v1-008","team-added-synthetic:advanced-inquiries-context-v1"
"adv-add-i-269d252752a0","이미 종료된 별도 상담 기록
진공 포장기를 받을 건물은 외부 기사 방문 전에 운송 업체명만 등록해야 합니다. 기사 개인 정보를 이 대화에 남기고 싶지는 않아요. 주문을 취소하지 않고 이번 배송을 맡은 공식 업체 정보를 어디에서 확인할 수 있는지 알려 주세요.

진공 포장기를 취소했는데 판매자가 기기 가격은 반환 대상이고 추가 보증 상품은 별도라고 안내했습니다. 보증 상품도 같은 결제에서 구입했지만 이용하거나 등록한 적은 없습니다. 각 결제 항목의 취소 가능 여부와 접수 경로를 확인하고 싶습니다.
위 상담들은 필요한 확인을 마쳐 종료된 별도 기록이며 아래 현재 요청을 다시 처리한 것으로 보지 않습니다.

이번에 새로 접수한 문의
진공 포장기 구매 계정에 접근은 가능합니다. 프로필의 직무 분류가 자동 선택된 것으로 보이는데 어떤 근거로 저장됐는지 모르겠어요. 회원정보의 직무 항목을 확인하고 정정할 공식 경로를 알고 싶습니다.","account","advanced-inquiries-added-v1-008","team-added-synthetic:advanced-inquiries-context-v1"
"adv-add-i-832f6a5ca6de","이번에 새로 접수한 문의
진공 포장기 구매 계정에 접근은 가능합니다. 프로필의 직무 분류가 자동 선택된 것으로 보이는데 어떤 근거로 저장됐는지 모르겠어요. 회원정보의 직무 항목을 확인하고 정정할 공식 경로를 알고 싶습니다.

이미 종료된 별도 상담 기록
진공 포장기를 취소했는데 판매자가 기기 가격은 반환 대상이고 추가 보증 상품은 별도라고 안내했습니다. 보증 상품도 같은 결제에서 구입했지만 이용하거나 등록한 적은 없습니다. 각 결제 항목의 취소 가능 여부와 접수 경로를 확인하고 싶습니다.

진공 포장기를 받을 건물은 외부 기사 방문 전에 운송 업체명만 등록해야 합니다. 기사 개인 정보를 이 대화에 남기고 싶지는 않아요. 주문을 취소하지 않고 이번 배송을 맡은 공식 업체 정보를 어디에서 확인할 수 있는지 알려 주세요.
위 별도 상담들은 확인을 마쳐 종료된 기록입니다. 이번에 답변받을 내용은 앞에 적은 새 문의입니다.","account","advanced-inquiries-added-v1-008","team-added-synthetic:advanced-inquiries-context-v1"
"adv-add-i-1f5932c35553","이미 종료된 별도 상담 기록
전시 마네킹을 취소한 뒤 반환 명세에 이전 주문에서 받은 할인권 사용분이 현금 공제로 표시돼 있습니다. 배송 위치나 회원 등급을 묻는 것이 아니에요. 이번 주문의 취소 계산에서 할인권이 어떤 방식으로 처리됐는지 공식 반환 근거를 확인하고 싶습니다.

마네킹 구매 계정에 연결된 외부 분석 도구의 접근 동의를 철회하려 합니다. 물품 주문을 취소하거나 계정 전체를 삭제할 생각은 없습니다. 그 도구에 부여한 회원 자료 접근 범위와 철회 가능 여부를 공식 관리에서 확인하고 싶어요.
위 상담들은 필요한 확인을 마쳐 종료된 별도 기록이며 아래 현재 요청을 다시 처리한 것으로 보지 않습니다.

이번에 새로 접수한 문의
전시 마네킹을 계속 받을 예정입니다. 건물에서는 운송 차량 높이가 주차장 제한보다 낮은 경우에만 하역 구역을 쓸 수 있다고 했어요. 판매자가 알려준 제품 높이와 차량 높이는 다른 정보라 이번 운송의 차량 규격을 어디에서 조율해야 하는지 궁금합니다.","shipping","advanced-inquiries-added-v1-009","team-added-synthetic:advanced-inquiries-context-v1"
"adv-add-i-c291bdd0bc89","이번에 새로 접수한 문의
전시 마네킹을 계속 받을 예정입니다. 건물에서는 운송 차량 높이가 주차장 제한보다 낮은 경우에만 하역 구역을 쓸 수 있다고 했어요. 판매자가 알려준 제품 높이와 차량 높이는 다른 정보라 이번 운송의 차량 규격을 어디에서 조율해야 하는지 궁금합니다.

이미 종료된 별도 상담 기록
마네킹 구매 계정에 연결된 외부 분석 도구의 접근 동의를 철회하려 합니다. 물품 주문을 취소하거나 계정 전체를 삭제할 생각은 없습니다. 그 도구에 부여한 회원 자료 접근 범위와 철회 가능 여부를 공식 관리에서 확인하고 싶어요.

전시 마네킹을 취소한 뒤 반환 명세에 이전 주문에서 받은 할인권 사용분이 현금 공제로 표시돼 있습니다. 배송 위치나 회원 등급을 묻는 것이 아니에요. 이번 주문의 취소 계산에서 할인권이 어떤 방식으로 처리됐는지 공식 반환 근거를 확인하고 싶습니다.
위 별도 상담들은 확인을 마쳐 종료된 기록입니다. 이번에 답변받을 내용은 앞에 적은 새 문의입니다.","shipping","advanced-inquiries-added-v1-009","team-added-synthetic:advanced-inquiries-context-v1"
"adv-add-i-ad11b8c76628","이미 종료된 별도 상담 기록
전시 마네킹을 계속 받을 예정입니다. 건물에서는 운송 차량 높이가 주차장 제한보다 낮은 경우에만 하역 구역을 쓸 수 있다고 했어요. 판매자가 알려준 제품 높이와 차량 높이는 다른 정보라 이번 운송의 차량 규격을 어디에서 조율해야 하는지 궁금합니다.

마네킹 구매 계정에 연결된 외부 분석 도구의 접근 동의를 철회하려 합니다. 물품 주문을 취소하거나 계정 전체를 삭제할 생각은 없습니다. 그 도구에 부여한 회원 자료 접근 범위와 철회 가능 여부를 공식 관리에서 확인하고 싶어요.
위 상담들은 필요한 확인을 마쳐 종료된 별도 기록이며 아래 현재 요청을 다시 처리한 것으로 보지 않습니다.

이번에 새로 접수한 문의
전시 마네킹을 취소한 뒤 반환 명세에 이전 주문에서 받은 할인권 사용분이 현금 공제로 표시돼 있습니다. 배송 위치나 회원 등급을 묻는 것이 아니에요. 이번 주문의 취소 계산에서 할인권이 어떤 방식으로 처리됐는지 공식 반환 근거를 확인하고 싶습니다.","refund","advanced-inquiries-added-v1-009","team-added-synthetic:advanced-inquiries-context-v1"
"adv-add-i-30006d96b220","이번에 새로 접수한 문의
전시 마네킹을 취소한 뒤 반환 명세에 이전 주문에서 받은 할인권 사용분이 현금 공제로 표시돼 있습니다. 배송 위치나 회원 등급을 묻는 것이 아니에요. 이번 주문의 취소 계산에서 할인권이 어떤 방식으로 처리됐는지 공식 반환 근거를 확인하고 싶습니다.

이미 종료된 별도 상담 기록
마네킹 구매 계정에 연결된 외부 분석 도구의 접근 동의를 철회하려 합니다. 물품 주문을 취소하거나 계정 전체를 삭제할 생각은 없습니다. 그 도구에 부여한 회원 자료 접근 범위와 철회 가능 여부를 공식 관리에서 확인하고 싶어요.

전시 마네킹을 계속 받을 예정입니다. 건물에서는 운송 차량 높이가 주차장 제한보다 낮은 경우에만 하역 구역을 쓸 수 있다고 했어요. 판매자가 알려준 제품 높이와 차량 높이는 다른 정보라 이번 운송의 차량 규격을 어디에서 조율해야 하는지 궁금합니다.
위 별도 상담들은 확인을 마쳐 종료된 기록입니다. 이번에 답변받을 내용은 앞에 적은 새 문의입니다.","refund","advanced-inquiries-added-v1-009","team-added-synthetic:advanced-inquiries-context-v1"
"adv-add-i-14e66f19a4bc","이미 종료된 별도 상담 기록
전시 마네킹을 계속 받을 예정입니다. 건물에서는 운송 차량 높이가 주차장 제한보다 낮은 경우에만 하역 구역을 쓸 수 있다고 했어요. 판매자가 알려준 제품 높이와 차량 높이는 다른 정보라 이번 운송의 차량 규격을 어디에서 조율해야 하는지 궁금합니다.

전시 마네킹을 취소한 뒤 반환 명세에 이전 주문에서 받은 할인권 사용분이 현금 공제로 표시돼 있습니다. 배송 위치나 회원 등급을 묻는 것이 아니에요. 이번 주문의 취소 계산에서 할인권이 어떤 방식으로 처리됐는지 공식 반환 근거를 확인하고 싶습니다.
위 상담들은 필요한 확인을 마쳐 종료된 별도 기록이며 아래 현재 요청을 다시 처리한 것으로 보지 않습니다.

이번에 새로 접수한 문의
마네킹 구매 계정에 연결된 외부 분석 도구의 접근 동의를 철회하려 합니다. 물품 주문을 취소하거나 계정 전체를 삭제할 생각은 없습니다. 그 도구에 부여한 회원 자료 접근 범위와 철회 가능 여부를 공식 관리에서 확인하고 싶어요.","account","advanced-inquiries-added-v1-009","team-added-synthetic:advanced-inquiries-context-v1"
"adv-add-i-eb3d6ccca8b3","이번에 새로 접수한 문의
마네킹 구매 계정에 연결된 외부 분석 도구의 접근 동의를 철회하려 합니다. 물품 주문을 취소하거나 계정 전체를 삭제할 생각은 없습니다. 그 도구에 부여한 회원 자료 접근 범위와 철회 가능 여부를 공식 관리에서 확인하고 싶어요.

이미 종료된 별도 상담 기록
전시 마네킹을 취소한 뒤 반환 명세에 이전 주문에서 받은 할인권 사용분이 현금 공제로 표시돼 있습니다. 배송 위치나 회원 등급을 묻는 것이 아니에요. 이번 주문의 취소 계산에서 할인권이 어떤 방식으로 처리됐는지 공식 반환 근거를 확인하고 싶습니다.

전시 마네킹을 계속 받을 예정입니다. 건물에서는 운송 차량 높이가 주차장 제한보다 낮은 경우에만 하역 구역을 쓸 수 있다고 했어요. 판매자가 알려준 제품 높이와 차량 높이는 다른 정보라 이번 운송의 차량 규격을 어디에서 조율해야 하는지 궁금합니다.
위 별도 상담들은 확인을 마쳐 종료된 기록입니다. 이번에 답변받을 내용은 앞에 적은 새 문의입니다.","account","advanced-inquiries-added-v1-009","team-added-synthetic:advanced-inquiries-context-v1"
"adv-add-i-4d370085a983","이미 종료된 별도 상담 기록
흡음 패널을 구매 취소했는데 별도로 결제한 예약 제작비는 검토 중이라고 나옵니다. 본체 대금 반환과 제작비 반환이 같은 상태인지 모르겠어요. 제작이 실제 시작됐는지에 따른 공제 근거와 각 반환 항목을 공식적으로 확인하고 싶습니다.

흡음 패널 구매 계정의 접속 언어가 기기마다 달라도 괜찮습니다. 제가 바꾸려는 것은 프로필 이름의 한글과 영문 표기를 각각 저장할 수 있는지 여부예요. 화면 언어에 따라 이름이 어떻게 표시되는지 계정 지원에서 확인하고 싶습니다.
위 상담들은 필요한 확인을 마쳐 종료된 별도 기록이며 아래 현재 요청을 다시 처리한 것으로 보지 않습니다.

이번에 새로 접수한 문의
흡음 패널은 주문대로 받을 겁니다. 시설에서는 운송 상자를 실내에 반입하기 전에 외부에서 포장 가루를 제거해 달라고 합니다. 직접 설치해 달라는 요구가 아니라 이번 인도에서 가능한 작업 범위를 배송 담당자와 확인하려 합니다.","shipping","advanced-inquiries-added-v1-010","team-added-synthetic:advanced-inquiries-context-v1"
"adv-add-i-d8c29397c7f4","이번에 새로 접수한 문의
흡음 패널은 주문대로 받을 겁니다. 시설에서는 운송 상자를 실내에 반입하기 전에 외부에서 포장 가루를 제거해 달라고 합니다. 직접 설치해 달라는 요구가 아니라 이번 인도에서 가능한 작업 범위를 배송 담당자와 확인하려 합니다.

이미 종료된 별도 상담 기록
흡음 패널 구매 계정의 접속 언어가 기기마다 달라도 괜찮습니다. 제가 바꾸려는 것은 프로필 이름의 한글과 영문 표기를 각각 저장할 수 있는지 여부예요. 화면 언어에 따라 이름이 어떻게 표시되는지 계정 지원에서 확인하고 싶습니다.

흡음 패널을 구매 취소했는데 별도로 결제한 예약 제작비는 검토 중이라고 나옵니다. 본체 대금 반환과 제작비 반환이 같은 상태인지 모르겠어요. 제작이 실제 시작됐는지에 따른 공제 근거와 각 반환 항목을 공식적으로 확인하고 싶습니다.
위 별도 상담들은 확인을 마쳐 종료된 기록입니다. 이번에 답변받을 내용은 앞에 적은 새 문의입니다.","shipping","advanced-inquiries-added-v1-010","team-added-synthetic:advanced-inquiries-context-v1"
"adv-add-i-45cab0f20f4f","이미 종료된 별도 상담 기록
흡음 패널은 주문대로 받을 겁니다. 시설에서는 운송 상자를 실내에 반입하기 전에 외부에서 포장 가루를 제거해 달라고 합니다. 직접 설치해 달라는 요구가 아니라 이번 인도에서 가능한 작업 범위를 배송 담당자와 확인하려 합니다.

흡음 패널 구매 계정의 접속 언어가 기기마다 달라도 괜찮습니다. 제가 바꾸려는 것은 프로필 이름의 한글과 영문 표기를 각각 저장할 수 있는지 여부예요. 화면 언어에 따라 이름이 어떻게 표시되는지 계정 지원에서 확인하고 싶습니다.
위 상담들은 필요한 확인을 마쳐 종료된 별도 기록이며 아래 현재 요청을 다시 처리한 것으로 보지 않습니다.

이번에 새로 접수한 문의
흡음 패널을 구매 취소했는데 별도로 결제한 예약 제작비는 검토 중이라고 나옵니다. 본체 대금 반환과 제작비 반환이 같은 상태인지 모르겠어요. 제작이 실제 시작됐는지에 따른 공제 근거와 각 반환 항목을 공식적으로 확인하고 싶습니다.","refund","advanced-inquiries-added-v1-010","team-added-synthetic:advanced-inquiries-context-v1"
"adv-add-i-0fb6528871fa","이번에 새로 접수한 문의
흡음 패널을 구매 취소했는데 별도로 결제한 예약 제작비는 검토 중이라고 나옵니다. 본체 대금 반환과 제작비 반환이 같은 상태인지 모르겠어요. 제작이 실제 시작됐는지에 따른 공제 근거와 각 반환 항목을 공식적으로 확인하고 싶습니다.

이미 종료된 별도 상담 기록
흡음 패널 구매 계정의 접속 언어가 기기마다 달라도 괜찮습니다. 제가 바꾸려는 것은 프로필 이름의 한글과 영문 표기를 각각 저장할 수 있는지 여부예요. 화면 언어에 따라 이름이 어떻게 표시되는지 계정 지원에서 확인하고 싶습니다.

흡음 패널은 주문대로 받을 겁니다. 시설에서는 운송 상자를 실내에 반입하기 전에 외부에서 포장 가루를 제거해 달라고 합니다. 직접 설치해 달라는 요구가 아니라 이번 인도에서 가능한 작업 범위를 배송 담당자와 확인하려 합니다.
위 별도 상담들은 확인을 마쳐 종료된 기록입니다. 이번에 답변받을 내용은 앞에 적은 새 문의입니다.","refund","advanced-inquiries-added-v1-010","team-added-synthetic:advanced-inquiries-context-v1"
"adv-add-i-db4f44a56d4f","이미 종료된 별도 상담 기록
흡음 패널은 주문대로 받을 겁니다. 시설에서는 운송 상자를 실내에 반입하기 전에 외부에서 포장 가루를 제거해 달라고 합니다. 직접 설치해 달라는 요구가 아니라 이번 인도에서 가능한 작업 범위를 배송 담당자와 확인하려 합니다.

흡음 패널을 구매 취소했는데 별도로 결제한 예약 제작비는 검토 중이라고 나옵니다. 본체 대금 반환과 제작비 반환이 같은 상태인지 모르겠어요. 제작이 실제 시작됐는지에 따른 공제 근거와 각 반환 항목을 공식적으로 확인하고 싶습니다.
위 상담들은 필요한 확인을 마쳐 종료된 별도 기록이며 아래 현재 요청을 다시 처리한 것으로 보지 않습니다.

이번에 새로 접수한 문의
흡음 패널 구매 계정의 접속 언어가 기기마다 달라도 괜찮습니다. 제가 바꾸려는 것은 프로필 이름의 한글과 영문 표기를 각각 저장할 수 있는지 여부예요. 화면 언어에 따라 이름이 어떻게 표시되는지 계정 지원에서 확인하고 싶습니다.","account","advanced-inquiries-added-v1-010","team-added-synthetic:advanced-inquiries-context-v1"
"adv-add-i-3f395b9ea83c","이번에 새로 접수한 문의
흡음 패널 구매 계정의 접속 언어가 기기마다 달라도 괜찮습니다. 제가 바꾸려는 것은 프로필 이름의 한글과 영문 표기를 각각 저장할 수 있는지 여부예요. 화면 언어에 따라 이름이 어떻게 표시되는지 계정 지원에서 확인하고 싶습니다.

이미 종료된 별도 상담 기록
흡음 패널을 구매 취소했는데 별도로 결제한 예약 제작비는 검토 중이라고 나옵니다. 본체 대금 반환과 제작비 반환이 같은 상태인지 모르겠어요. 제작이 실제 시작됐는지에 따른 공제 근거와 각 반환 항목을 공식적으로 확인하고 싶습니다.

흡음 패널은 주문대로 받을 겁니다. 시설에서는 운송 상자를 실내에 반입하기 전에 외부에서 포장 가루를 제거해 달라고 합니다. 직접 설치해 달라는 요구가 아니라 이번 인도에서 가능한 작업 범위를 배송 담당자와 확인하려 합니다.
위 별도 상담들은 확인을 마쳐 종료된 기록입니다. 이번에 답변받을 내용은 앞에 적은 새 문의입니다.","account","advanced-inquiries-added-v1-010","team-added-synthetic:advanced-inquiries-context-v1"
"adv-add-i-2c374c9f388e","이미 종료된 별도 상담 기록
조명 반사판의 취소 접수가 끝났다고 안내받았지만 반환 명세에는 구매 대금이 아니라 이전 배송비 조정 금액만 나옵니다. 배송비를 다시 받을 생각은 없습니다. 이번 구매 취소의 상품 대금 반환 기록이 별도로 있는지 확인하고 싶어요.

조명 반사판 계정에 연결한 외부 일정 서비스에서 회원의 표시 이름을 계속 읽어 갑니다. 이미 주문과 결제는 정상이고 접근 권한 범위만 조정하려 합니다. 일정 연동을 유지하면서 프로필 항목 제공만 제한할 수 있는지 공식 설명을 확인하고 싶습니다.
위 상담들은 필요한 확인을 마쳐 종료된 별도 기록이며 아래 현재 요청을 다시 처리한 것으로 보지 않습니다.

이번에 새로 접수한 문의
조명 반사판을 받을 예정인데 운송 안내에는 배달 불가 구역이라는 문구만 있습니다. 실제 주소는 같은 동네의 일반 배달 구역 안으로 확인했어요. 새 주문이나 환불을 요청하기 전에 운송 건에 적용된 구역 코드가 맞는지 공식 배송 지원에서 확인하고 싶습니다.","shipping","advanced-inquiries-added-v1-011","team-added-synthetic:advanced-inquiries-context-v1"
"adv-add-i-042a8bf33364","이번에 새로 접수한 문의
조명 반사판을 받을 예정인데 운송 안내에는 배달 불가 구역이라는 문구만 있습니다. 실제 주소는 같은 동네의 일반 배달 구역 안으로 확인했어요. 새 주문이나 환불을 요청하기 전에 운송 건에 적용된 구역 코드가 맞는지 공식 배송 지원에서 확인하고 싶습니다.

이미 종료된 별도 상담 기록
조명 반사판 계정에 연결한 외부 일정 서비스에서 회원의 표시 이름을 계속 읽어 갑니다. 이미 주문과 결제는 정상이고 접근 권한 범위만 조정하려 합니다. 일정 연동을 유지하면서 프로필 항목 제공만 제한할 수 있는지 공식 설명을 확인하고 싶습니다.

조명 반사판의 취소 접수가 끝났다고 안내받았지만 반환 명세에는 구매 대금이 아니라 이전 배송비 조정 금액만 나옵니다. 배송비를 다시 받을 생각은 없습니다. 이번 구매 취소의 상품 대금 반환 기록이 별도로 있는지 확인하고 싶어요.
위 별도 상담들은 확인을 마쳐 종료된 기록입니다. 이번에 답변받을 내용은 앞에 적은 새 문의입니다.","shipping","advanced-inquiries-added-v1-011","team-added-synthetic:advanced-inquiries-context-v1"
"adv-add-i-2d031b8612c0","이미 종료된 별도 상담 기록
조명 반사판을 받을 예정인데 운송 안내에는 배달 불가 구역이라는 문구만 있습니다. 실제 주소는 같은 동네의 일반 배달 구역 안으로 확인했어요. 새 주문이나 환불을 요청하기 전에 운송 건에 적용된 구역 코드가 맞는지 공식 배송 지원에서 확인하고 싶습니다.

조명 반사판 계정에 연결한 외부 일정 서비스에서 회원의 표시 이름을 계속 읽어 갑니다. 이미 주문과 결제는 정상이고 접근 권한 범위만 조정하려 합니다. 일정 연동을 유지하면서 프로필 항목 제공만 제한할 수 있는지 공식 설명을 확인하고 싶습니다.
위 상담들은 필요한 확인을 마쳐 종료된 별도 기록이며 아래 현재 요청을 다시 처리한 것으로 보지 않습니다.

이번에 새로 접수한 문의
조명 반사판의 취소 접수가 끝났다고 안내받았지만 반환 명세에는 구매 대금이 아니라 이전 배송비 조정 금액만 나옵니다. 배송비를 다시 받을 생각은 없습니다. 이번 구매 취소의 상품 대금 반환 기록이 별도로 있는지 확인하고 싶어요.","refund","advanced-inquiries-added-v1-011","team-added-synthetic:advanced-inquiries-context-v1"
"adv-add-i-4e3ba8d0cc7a","이번에 새로 접수한 문의
조명 반사판의 취소 접수가 끝났다고 안내받았지만 반환 명세에는 구매 대금이 아니라 이전 배송비 조정 금액만 나옵니다. 배송비를 다시 받을 생각은 없습니다. 이번 구매 취소의 상품 대금 반환 기록이 별도로 있는지 확인하고 싶어요.

이미 종료된 별도 상담 기록
조명 반사판 계정에 연결한 외부 일정 서비스에서 회원의 표시 이름을 계속 읽어 갑니다. 이미 주문과 결제는 정상이고 접근 권한 범위만 조정하려 합니다. 일정 연동을 유지하면서 프로필 항목 제공만 제한할 수 있는지 공식 설명을 확인하고 싶습니다.

조명 반사판을 받을 예정인데 운송 안내에는 배달 불가 구역이라는 문구만 있습니다. 실제 주소는 같은 동네의 일반 배달 구역 안으로 확인했어요. 새 주문이나 환불을 요청하기 전에 운송 건에 적용된 구역 코드가 맞는지 공식 배송 지원에서 확인하고 싶습니다.
위 별도 상담들은 확인을 마쳐 종료된 기록입니다. 이번에 답변받을 내용은 앞에 적은 새 문의입니다.","refund","advanced-inquiries-added-v1-011","team-added-synthetic:advanced-inquiries-context-v1"
"adv-add-i-829d3ff96d18","이미 종료된 별도 상담 기록
조명 반사판을 받을 예정인데 운송 안내에는 배달 불가 구역이라는 문구만 있습니다. 실제 주소는 같은 동네의 일반 배달 구역 안으로 확인했어요. 새 주문이나 환불을 요청하기 전에 운송 건에 적용된 구역 코드가 맞는지 공식 배송 지원에서 확인하고 싶습니다.

조명 반사판의 취소 접수가 끝났다고 안내받았지만 반환 명세에는 구매 대금이 아니라 이전 배송비 조정 금액만 나옵니다. 배송비를 다시 받을 생각은 없습니다. 이번 구매 취소의 상품 대금 반환 기록이 별도로 있는지 확인하고 싶어요.
위 상담들은 필요한 확인을 마쳐 종료된 별도 기록이며 아래 현재 요청을 다시 처리한 것으로 보지 않습니다.

이번에 새로 접수한 문의
조명 반사판 계정에 연결한 외부 일정 서비스에서 회원의 표시 이름을 계속 읽어 갑니다. 이미 주문과 결제는 정상이고 접근 권한 범위만 조정하려 합니다. 일정 연동을 유지하면서 프로필 항목 제공만 제한할 수 있는지 공식 설명을 확인하고 싶습니다.","account","advanced-inquiries-added-v1-011","team-added-synthetic:advanced-inquiries-context-v1"
"adv-add-i-f546731fff85","이번에 새로 접수한 문의
조명 반사판 계정에 연결한 외부 일정 서비스에서 회원의 표시 이름을 계속 읽어 갑니다. 이미 주문과 결제는 정상이고 접근 권한 범위만 조정하려 합니다. 일정 연동을 유지하면서 프로필 항목 제공만 제한할 수 있는지 공식 설명을 확인하고 싶습니다.

이미 종료된 별도 상담 기록
조명 반사판의 취소 접수가 끝났다고 안내받았지만 반환 명세에는 구매 대금이 아니라 이전 배송비 조정 금액만 나옵니다. 배송비를 다시 받을 생각은 없습니다. 이번 구매 취소의 상품 대금 반환 기록이 별도로 있는지 확인하고 싶어요.

조명 반사판을 받을 예정인데 운송 안내에는 배달 불가 구역이라는 문구만 있습니다. 실제 주소는 같은 동네의 일반 배달 구역 안으로 확인했어요. 새 주문이나 환불을 요청하기 전에 운송 건에 적용된 구역 코드가 맞는지 공식 배송 지원에서 확인하고 싶습니다.
위 별도 상담들은 확인을 마쳐 종료된 기록입니다. 이번에 답변받을 내용은 앞에 적은 새 문의입니다.","account","advanced-inquiries-added-v1-011","team-added-synthetic:advanced-inquiries-context-v1"
"adv-add-i-1569eedf190c","이미 종료된 별도 상담 기록
샌드백 구매를 취소한 뒤 무게별 추가 운송료는 반환에서 제외된다고 안내받았습니다. 아직 운송사에 인계되지 않은 주문이라 어떤 비용이 실제 발생했는지 모르겠어요. 공제되는 추가 운송료의 산정 근거를 반환 담당자에게 확인하고 싶습니다.

샌드백 구매 계정의 수치 표시 설정을 바꾸고 싶습니다. 상품 무게나 결제 금액을 수정하는 것이 아니라 회원 화면에서 소수점과 단위를 표시하는 방식을 선택할 수 있는지 궁금해요. 계정별 보기 설정 제공 여부를 확인하고 싶습니다.
위 상담들은 필요한 확인을 마쳐 종료된 별도 기록이며 아래 현재 요청을 다시 처리한 것으로 보지 않습니다.

이번에 새로 접수한 문의
샌드백은 계속 받을 생각입니다. 판매자가 안내한 포장 총중량과 운송 접수표의 적재 중량이 달라 건물의 하역 예약을 정하기 어렵습니다. 제품 내용물을 늘리거나 주문을 취소하는 게 아니라 이번 화물의 인도 중량을 확인할 공식 경로가 필요해요.","shipping","advanced-inquiries-added-v1-012","team-added-synthetic:advanced-inquiries-context-v1"
"adv-add-i-26ade906ef15","이번에 새로 접수한 문의
샌드백은 계속 받을 생각입니다. 판매자가 안내한 포장 총중량과 운송 접수표의 적재 중량이 달라 건물의 하역 예약을 정하기 어렵습니다. 제품 내용물을 늘리거나 주문을 취소하는 게 아니라 이번 화물의 인도 중량을 확인할 공식 경로가 필요해요.

이미 종료된 별도 상담 기록
샌드백 구매 계정의 수치 표시 설정을 바꾸고 싶습니다. 상품 무게나 결제 금액을 수정하는 것이 아니라 회원 화면에서 소수점과 단위를 표시하는 방식을 선택할 수 있는지 궁금해요. 계정별 보기 설정 제공 여부를 확인하고 싶습니다.

샌드백 구매를 취소한 뒤 무게별 추가 운송료는 반환에서 제외된다고 안내받았습니다. 아직 운송사에 인계되지 않은 주문이라 어떤 비용이 실제 발생했는지 모르겠어요. 공제되는 추가 운송료의 산정 근거를 반환 담당자에게 확인하고 싶습니다.
위 별도 상담들은 확인을 마쳐 종료된 기록입니다. 이번에 답변받을 내용은 앞에 적은 새 문의입니다.","shipping","advanced-inquiries-added-v1-012","team-added-synthetic:advanced-inquiries-context-v1"
"adv-add-i-44da2c20d0ee","이미 종료된 별도 상담 기록
샌드백은 계속 받을 생각입니다. 판매자가 안내한 포장 총중량과 운송 접수표의 적재 중량이 달라 건물의 하역 예약을 정하기 어렵습니다. 제품 내용물을 늘리거나 주문을 취소하는 게 아니라 이번 화물의 인도 중량을 확인할 공식 경로가 필요해요.

샌드백 구매 계정의 수치 표시 설정을 바꾸고 싶습니다. 상품 무게나 결제 금액을 수정하는 것이 아니라 회원 화면에서 소수점과 단위를 표시하는 방식을 선택할 수 있는지 궁금해요. 계정별 보기 설정 제공 여부를 확인하고 싶습니다.
위 상담들은 필요한 확인을 마쳐 종료된 별도 기록이며 아래 현재 요청을 다시 처리한 것으로 보지 않습니다.

이번에 새로 접수한 문의
샌드백 구매를 취소한 뒤 무게별 추가 운송료는 반환에서 제외된다고 안내받았습니다. 아직 운송사에 인계되지 않은 주문이라 어떤 비용이 실제 발생했는지 모르겠어요. 공제되는 추가 운송료의 산정 근거를 반환 담당자에게 확인하고 싶습니다.","refund","advanced-inquiries-added-v1-012","team-added-synthetic:advanced-inquiries-context-v1"
"adv-add-i-1e543ae17c24","이번에 새로 접수한 문의
샌드백 구매를 취소한 뒤 무게별 추가 운송료는 반환에서 제외된다고 안내받았습니다. 아직 운송사에 인계되지 않은 주문이라 어떤 비용이 실제 발생했는지 모르겠어요. 공제되는 추가 운송료의 산정 근거를 반환 담당자에게 확인하고 싶습니다.

이미 종료된 별도 상담 기록
샌드백 구매 계정의 수치 표시 설정을 바꾸고 싶습니다. 상품 무게나 결제 금액을 수정하는 것이 아니라 회원 화면에서 소수점과 단위를 표시하는 방식을 선택할 수 있는지 궁금해요. 계정별 보기 설정 제공 여부를 확인하고 싶습니다.

샌드백은 계속 받을 생각입니다. 판매자가 안내한 포장 총중량과 운송 접수표의 적재 중량이 달라 건물의 하역 예약을 정하기 어렵습니다. 제품 내용물을 늘리거나 주문을 취소하는 게 아니라 이번 화물의 인도 중량을 확인할 공식 경로가 필요해요.
위 별도 상담들은 확인을 마쳐 종료된 기록입니다. 이번에 답변받을 내용은 앞에 적은 새 문의입니다.","refund","advanced-inquiries-added-v1-012","team-added-synthetic:advanced-inquiries-context-v1"
"adv-add-i-ab6fe6002ec3","이미 종료된 별도 상담 기록
샌드백은 계속 받을 생각입니다. 판매자가 안내한 포장 총중량과 운송 접수표의 적재 중량이 달라 건물의 하역 예약을 정하기 어렵습니다. 제품 내용물을 늘리거나 주문을 취소하는 게 아니라 이번 화물의 인도 중량을 확인할 공식 경로가 필요해요.

샌드백 구매를 취소한 뒤 무게별 추가 운송료는 반환에서 제외된다고 안내받았습니다. 아직 운송사에 인계되지 않은 주문이라 어떤 비용이 실제 발생했는지 모르겠어요. 공제되는 추가 운송료의 산정 근거를 반환 담당자에게 확인하고 싶습니다.
위 상담들은 필요한 확인을 마쳐 종료된 별도 기록이며 아래 현재 요청을 다시 처리한 것으로 보지 않습니다.

이번에 새로 접수한 문의
샌드백 구매 계정의 수치 표시 설정을 바꾸고 싶습니다. 상품 무게나 결제 금액을 수정하는 것이 아니라 회원 화면에서 소수점과 단위를 표시하는 방식을 선택할 수 있는지 궁금해요. 계정별 보기 설정 제공 여부를 확인하고 싶습니다.","account","advanced-inquiries-added-v1-012","team-added-synthetic:advanced-inquiries-context-v1"
"adv-add-i-050d3dc9b824","이번에 새로 접수한 문의
샌드백 구매 계정의 수치 표시 설정을 바꾸고 싶습니다. 상품 무게나 결제 금액을 수정하는 것이 아니라 회원 화면에서 소수점과 단위를 표시하는 방식을 선택할 수 있는지 궁금해요. 계정별 보기 설정 제공 여부를 확인하고 싶습니다.

이미 종료된 별도 상담 기록
샌드백 구매를 취소한 뒤 무게별 추가 운송료는 반환에서 제외된다고 안내받았습니다. 아직 운송사에 인계되지 않은 주문이라 어떤 비용이 실제 발생했는지 모르겠어요. 공제되는 추가 운송료의 산정 근거를 반환 담당자에게 확인하고 싶습니다.

샌드백은 계속 받을 생각입니다. 판매자가 안내한 포장 총중량과 운송 접수표의 적재 중량이 달라 건물의 하역 예약을 정하기 어렵습니다. 제품 내용물을 늘리거나 주문을 취소하는 게 아니라 이번 화물의 인도 중량을 확인할 공식 경로가 필요해요.
위 별도 상담들은 확인을 마쳐 종료된 기록입니다. 이번에 답변받을 내용은 앞에 적은 새 문의입니다.","account","advanced-inquiries-added-v1-012","team-added-synthetic:advanced-inquiries-context-v1"
"adv-add-i-8404d5a5b339","이미 종료된 별도 상담 기록
타일 문양 견본판을 취소한 뒤 판매자는 계약 견적서에 취소 금액을 반영했다고 합니다. 실제 결제 반환은 별도인지 아직 확인하지 못했어요. 견적서 수정과 카드 결제 취소가 같은 처리가 아니라면 각각 어떤 상태인지 공식 반환 기록을 확인하고 싶습니다.

견본판 관련 회원 자료에 자동 생성된 사용자 식별자가 외부 공유 화면에서도 표시됩니다. 상품 번호나 주문 번호를 없애려는 건 아닙니다. 회원 식별자의 공개 범위와 대체 표시 가능 여부를 공식 계정 지원에서 확인하려 합니다.
위 상담들은 필요한 확인을 마쳐 종료된 별도 기록이며 아래 현재 요청을 다시 처리한 것으로 보지 않습니다.

이번에 새로 접수한 문의
타일 문양 견본판은 주문을 유지합니다. 외부 상자에 배송 라벨은 있는데 현장 접수에 필요한 견본 번호 표시는 보이지 않는다고 안내받았어요. 제품 번호를 바꾸는 요청이 아니라 이번 인도에서 견본을 식별할 공식 자료를 배송 담당자에게 전달할 방법을 알고 싶습니다.","shipping","advanced-inquiries-added-v1-013","team-added-synthetic:advanced-inquiries-context-v1"
"adv-add-i-41e510c297c0","이번에 새로 접수한 문의
타일 문양 견본판은 주문을 유지합니다. 외부 상자에 배송 라벨은 있는데 현장 접수에 필요한 견본 번호 표시는 보이지 않는다고 안내받았어요. 제품 번호를 바꾸는 요청이 아니라 이번 인도에서 견본을 식별할 공식 자료를 배송 담당자에게 전달할 방법을 알고 싶습니다.

이미 종료된 별도 상담 기록
견본판 관련 회원 자료에 자동 생성된 사용자 식별자가 외부 공유 화면에서도 표시됩니다. 상품 번호나 주문 번호를 없애려는 건 아닙니다. 회원 식별자의 공개 범위와 대체 표시 가능 여부를 공식 계정 지원에서 확인하려 합니다.

타일 문양 견본판을 취소한 뒤 판매자는 계약 견적서에 취소 금액을 반영했다고 합니다. 실제 결제 반환은 별도인지 아직 확인하지 못했어요. 견적서 수정과 카드 결제 취소가 같은 처리가 아니라면 각각 어떤 상태인지 공식 반환 기록을 확인하고 싶습니다.
위 별도 상담들은 확인을 마쳐 종료된 기록입니다. 이번에 답변받을 내용은 앞에 적은 새 문의입니다.","shipping","advanced-inquiries-added-v1-013","team-added-synthetic:advanced-inquiries-context-v1"
"adv-add-i-ea0a380454fd","이미 종료된 별도 상담 기록
타일 문양 견본판은 주문을 유지합니다. 외부 상자에 배송 라벨은 있는데 현장 접수에 필요한 견본 번호 표시는 보이지 않는다고 안내받았어요. 제품 번호를 바꾸는 요청이 아니라 이번 인도에서 견본을 식별할 공식 자료를 배송 담당자에게 전달할 방법을 알고 싶습니다.

견본판 관련 회원 자료에 자동 생성된 사용자 식별자가 외부 공유 화면에서도 표시됩니다. 상품 번호나 주문 번호를 없애려는 건 아닙니다. 회원 식별자의 공개 범위와 대체 표시 가능 여부를 공식 계정 지원에서 확인하려 합니다.
위 상담들은 필요한 확인을 마쳐 종료된 별도 기록이며 아래 현재 요청을 다시 처리한 것으로 보지 않습니다.

이번에 새로 접수한 문의
타일 문양 견본판을 취소한 뒤 판매자는 계약 견적서에 취소 금액을 반영했다고 합니다. 실제 결제 반환은 별도인지 아직 확인하지 못했어요. 견적서 수정과 카드 결제 취소가 같은 처리가 아니라면 각각 어떤 상태인지 공식 반환 기록을 확인하고 싶습니다.","refund","advanced-inquiries-added-v1-013","team-added-synthetic:advanced-inquiries-context-v1"
"adv-add-i-f4c77010ff48","이번에 새로 접수한 문의
타일 문양 견본판을 취소한 뒤 판매자는 계약 견적서에 취소 금액을 반영했다고 합니다. 실제 결제 반환은 별도인지 아직 확인하지 못했어요. 견적서 수정과 카드 결제 취소가 같은 처리가 아니라면 각각 어떤 상태인지 공식 반환 기록을 확인하고 싶습니다.

이미 종료된 별도 상담 기록
견본판 관련 회원 자료에 자동 생성된 사용자 식별자가 외부 공유 화면에서도 표시됩니다. 상품 번호나 주문 번호를 없애려는 건 아닙니다. 회원 식별자의 공개 범위와 대체 표시 가능 여부를 공식 계정 지원에서 확인하려 합니다.

타일 문양 견본판은 주문을 유지합니다. 외부 상자에 배송 라벨은 있는데 현장 접수에 필요한 견본 번호 표시는 보이지 않는다고 안내받았어요. 제품 번호를 바꾸는 요청이 아니라 이번 인도에서 견본을 식별할 공식 자료를 배송 담당자에게 전달할 방법을 알고 싶습니다.
위 별도 상담들은 확인을 마쳐 종료된 기록입니다. 이번에 답변받을 내용은 앞에 적은 새 문의입니다.","refund","advanced-inquiries-added-v1-013","team-added-synthetic:advanced-inquiries-context-v1"
"adv-add-i-11aa95b3f1fa","이미 종료된 별도 상담 기록
타일 문양 견본판은 주문을 유지합니다. 외부 상자에 배송 라벨은 있는데 현장 접수에 필요한 견본 번호 표시는 보이지 않는다고 안내받았어요. 제품 번호를 바꾸는 요청이 아니라 이번 인도에서 견본을 식별할 공식 자료를 배송 담당자에게 전달할 방법을 알고 싶습니다.

타일 문양 견본판을 취소한 뒤 판매자는 계약 견적서에 취소 금액을 반영했다고 합니다. 실제 결제 반환은 별도인지 아직 확인하지 못했어요. 견적서 수정과 카드 결제 취소가 같은 처리가 아니라면 각각 어떤 상태인지 공식 반환 기록을 확인하고 싶습니다.
위 상담들은 필요한 확인을 마쳐 종료된 별도 기록이며 아래 현재 요청을 다시 처리한 것으로 보지 않습니다.

이번에 새로 접수한 문의
견본판 관련 회원 자료에 자동 생성된 사용자 식별자가 외부 공유 화면에서도 표시됩니다. 상품 번호나 주문 번호를 없애려는 건 아닙니다. 회원 식별자의 공개 범위와 대체 표시 가능 여부를 공식 계정 지원에서 확인하려 합니다.","account","advanced-inquiries-added-v1-013","team-added-synthetic:advanced-inquiries-context-v1"
"adv-add-i-ef3eaa3b6d11","이번에 새로 접수한 문의
견본판 관련 회원 자료에 자동 생성된 사용자 식별자가 외부 공유 화면에서도 표시됩니다. 상품 번호나 주문 번호를 없애려는 건 아닙니다. 회원 식별자의 공개 범위와 대체 표시 가능 여부를 공식 계정 지원에서 확인하려 합니다.

이미 종료된 별도 상담 기록
타일 문양 견본판을 취소한 뒤 판매자는 계약 견적서에 취소 금액을 반영했다고 합니다. 실제 결제 반환은 별도인지 아직 확인하지 못했어요. 견적서 수정과 카드 결제 취소가 같은 처리가 아니라면 각각 어떤 상태인지 공식 반환 기록을 확인하고 싶습니다.

타일 문양 견본판은 주문을 유지합니다. 외부 상자에 배송 라벨은 있는데 현장 접수에 필요한 견본 번호 표시는 보이지 않는다고 안내받았어요. 제품 번호를 바꾸는 요청이 아니라 이번 인도에서 견본을 식별할 공식 자료를 배송 담당자에게 전달할 방법을 알고 싶습니다.
위 별도 상담들은 확인을 마쳐 종료된 기록입니다. 이번에 답변받을 내용은 앞에 적은 새 문의입니다.","account","advanced-inquiries-added-v1-013","team-added-synthetic:advanced-inquiries-context-v1"
"adv-add-i-352fea31671c","이미 종료된 별도 상담 기록
책 제본 프레스 주문 취소를 요청했는데 명세서에는 환급 대신 다음 구매에 쓰는 크레딧으로 기록돼 있습니다. 아직 어떤 방식에 동의한 적은 없어요. 이번 취소 건의 반환 수단이 어떻게 접수됐는지와 공식 확인 절차를 알고 싶습니다.

제본 프레스 자료를 보는 계정의 기록 보존 설정을 확인하고 싶습니다. 구매나 반품 기록을 지우려는 것은 아니고 개인 검색어 기록이 계정에 저장되는지 궁금해요. 검색 기록의 저장 여부와 선택 가능한 관리 범위를 공식 설명으로 확인하고 싶습니다.
위 상담들은 필요한 확인을 마쳐 종료된 별도 기록이며 아래 현재 요청을 다시 처리한 것으로 보지 않습니다.

이번에 새로 접수한 문의
책 제본 프레스는 받을 계획입니다. 건물 접수대가 상자를 들 수 없어 운송 업체가 사용하는 이동 보조 장비의 준비 여부를 확인해야 해요. 회원정보 변경이나 주문 취소보다 이번 화물 인도에 필요한 조건을 조율할 공식 배송 경로가 필요합니다.","shipping","advanced-inquiries-added-v1-014","team-added-synthetic:advanced-inquiries-context-v1"
"adv-add-i-9898cc4250c0","이번에 새로 접수한 문의
책 제본 프레스는 받을 계획입니다. 건물 접수대가 상자를 들 수 없어 운송 업체가 사용하는 이동 보조 장비의 준비 여부를 확인해야 해요. 회원정보 변경이나 주문 취소보다 이번 화물 인도에 필요한 조건을 조율할 공식 배송 경로가 필요합니다.

이미 종료된 별도 상담 기록
제본 프레스 자료를 보는 계정의 기록 보존 설정을 확인하고 싶습니다. 구매나 반품 기록을 지우려는 것은 아니고 개인 검색어 기록이 계정에 저장되는지 궁금해요. 검색 기록의 저장 여부와 선택 가능한 관리 범위를 공식 설명으로 확인하고 싶습니다.

책 제본 프레스 주문 취소를 요청했는데 명세서에는 환급 대신 다음 구매에 쓰는 크레딧으로 기록돼 있습니다. 아직 어떤 방식에 동의한 적은 없어요. 이번 취소 건의 반환 수단이 어떻게 접수됐는지와 공식 확인 절차를 알고 싶습니다.
위 별도 상담들은 확인을 마쳐 종료된 기록입니다. 이번에 답변받을 내용은 앞에 적은 새 문의입니다.","shipping","advanced-inquiries-added-v1-014","team-added-synthetic:advanced-inquiries-context-v1"
"adv-add-i-53d14af81b99","이미 종료된 별도 상담 기록
책 제본 프레스는 받을 계획입니다. 건물 접수대가 상자를 들 수 없어 운송 업체가 사용하는 이동 보조 장비의 준비 여부를 확인해야 해요. 회원정보 변경이나 주문 취소보다 이번 화물 인도에 필요한 조건을 조율할 공식 배송 경로가 필요합니다.

제본 프레스 자료를 보는 계정의 기록 보존 설정을 확인하고 싶습니다. 구매나 반품 기록을 지우려는 것은 아니고 개인 검색어 기록이 계정에 저장되는지 궁금해요. 검색 기록의 저장 여부와 선택 가능한 관리 범위를 공식 설명으로 확인하고 싶습니다.
위 상담들은 필요한 확인을 마쳐 종료된 별도 기록이며 아래 현재 요청을 다시 처리한 것으로 보지 않습니다.

이번에 새로 접수한 문의
책 제본 프레스 주문 취소를 요청했는데 명세서에는 환급 대신 다음 구매에 쓰는 크레딧으로 기록돼 있습니다. 아직 어떤 방식에 동의한 적은 없어요. 이번 취소 건의 반환 수단이 어떻게 접수됐는지와 공식 확인 절차를 알고 싶습니다.","refund","advanced-inquiries-added-v1-014","team-added-synthetic:advanced-inquiries-context-v1"
"adv-add-i-6ba91d976850","이번에 새로 접수한 문의
책 제본 프레스 주문 취소를 요청했는데 명세서에는 환급 대신 다음 구매에 쓰는 크레딧으로 기록돼 있습니다. 아직 어떤 방식에 동의한 적은 없어요. 이번 취소 건의 반환 수단이 어떻게 접수됐는지와 공식 확인 절차를 알고 싶습니다.

이미 종료된 별도 상담 기록
제본 프레스 자료를 보는 계정의 기록 보존 설정을 확인하고 싶습니다. 구매나 반품 기록을 지우려는 것은 아니고 개인 검색어 기록이 계정에 저장되는지 궁금해요. 검색 기록의 저장 여부와 선택 가능한 관리 범위를 공식 설명으로 확인하고 싶습니다.

책 제본 프레스는 받을 계획입니다. 건물 접수대가 상자를 들 수 없어 운송 업체가 사용하는 이동 보조 장비의 준비 여부를 확인해야 해요. 회원정보 변경이나 주문 취소보다 이번 화물 인도에 필요한 조건을 조율할 공식 배송 경로가 필요합니다.
위 별도 상담들은 확인을 마쳐 종료된 기록입니다. 이번에 답변받을 내용은 앞에 적은 새 문의입니다.","refund","advanced-inquiries-added-v1-014","team-added-synthetic:advanced-inquiries-context-v1"
"adv-add-i-ec459b6d42f4","이미 종료된 별도 상담 기록
책 제본 프레스는 받을 계획입니다. 건물 접수대가 상자를 들 수 없어 운송 업체가 사용하는 이동 보조 장비의 준비 여부를 확인해야 해요. 회원정보 변경이나 주문 취소보다 이번 화물 인도에 필요한 조건을 조율할 공식 배송 경로가 필요합니다.

책 제본 프레스 주문 취소를 요청했는데 명세서에는 환급 대신 다음 구매에 쓰는 크레딧으로 기록돼 있습니다. 아직 어떤 방식에 동의한 적은 없어요. 이번 취소 건의 반환 수단이 어떻게 접수됐는지와 공식 확인 절차를 알고 싶습니다.
위 상담들은 필요한 확인을 마쳐 종료된 별도 기록이며 아래 현재 요청을 다시 처리한 것으로 보지 않습니다.

이번에 새로 접수한 문의
제본 프레스 자료를 보는 계정의 기록 보존 설정을 확인하고 싶습니다. 구매나 반품 기록을 지우려는 것은 아니고 개인 검색어 기록이 계정에 저장되는지 궁금해요. 검색 기록의 저장 여부와 선택 가능한 관리 범위를 공식 설명으로 확인하고 싶습니다.","account","advanced-inquiries-added-v1-014","team-added-synthetic:advanced-inquiries-context-v1"
"adv-add-i-ed0e7a7e0c29","이번에 새로 접수한 문의
제본 프레스 자료를 보는 계정의 기록 보존 설정을 확인하고 싶습니다. 구매나 반품 기록을 지우려는 것은 아니고 개인 검색어 기록이 계정에 저장되는지 궁금해요. 검색 기록의 저장 여부와 선택 가능한 관리 범위를 공식 설명으로 확인하고 싶습니다.

이미 종료된 별도 상담 기록
책 제본 프레스 주문 취소를 요청했는데 명세서에는 환급 대신 다음 구매에 쓰는 크레딧으로 기록돼 있습니다. 아직 어떤 방식에 동의한 적은 없어요. 이번 취소 건의 반환 수단이 어떻게 접수됐는지와 공식 확인 절차를 알고 싶습니다.

책 제본 프레스는 받을 계획입니다. 건물 접수대가 상자를 들 수 없어 운송 업체가 사용하는 이동 보조 장비의 준비 여부를 확인해야 해요. 회원정보 변경이나 주문 취소보다 이번 화물 인도에 필요한 조건을 조율할 공식 배송 경로가 필요합니다.
위 별도 상담들은 확인을 마쳐 종료된 기록입니다. 이번에 답변받을 내용은 앞에 적은 새 문의입니다.","account","advanced-inquiries-added-v1-014","team-added-synthetic:advanced-inquiries-context-v1"
"adv-add-i-209afd862677","이미 종료된 별도 상담 기록
표본 트레이 주문을 취소했는데 결제는 여러 장의 기관 선불카드로 나눠 했습니다. 카드 등록을 새로 하려는 요청이 아니에요. 취소 금액이 각 원결제 승인 건에 어떻게 배분되는지 반환 담당자에게 확인하고 싶습니다.

표본 트레이를 구입한 계정의 공유 자료 링크를 검색에 노출하지 않으려 합니다. 링크를 받은 팀원은 계속 볼 수 있어야 하고 구매 권한은 유지할 겁니다. 자료 링크의 검색 공개와 직접 접근을 따로 관리할 수 있는지 공식 기준을 알고 싶습니다.
위 상담들은 필요한 확인을 마쳐 종료된 별도 기록이며 아래 현재 요청을 다시 처리한 것으로 보지 않습니다.

이번에 새로 접수한 문의
표본 트레이 주문은 유지합니다. 운송 안내에는 포장을 쌓아 하역할 수 있다고 적혀 있는데 판매자는 상자 위에 무게를 싣지 말라고 했어요. 파손 여부를 단정하지 않고 이번 화물의 취급 조건이 운송 담당자에게 전달됐는지 확인하고 싶습니다.","shipping","advanced-inquiries-added-v1-015","team-added-synthetic:advanced-inquiries-context-v1"
"adv-add-i-fc2934cdf099","이번에 새로 접수한 문의
표본 트레이 주문은 유지합니다. 운송 안내에는 포장을 쌓아 하역할 수 있다고 적혀 있는데 판매자는 상자 위에 무게를 싣지 말라고 했어요. 파손 여부를 단정하지 않고 이번 화물의 취급 조건이 운송 담당자에게 전달됐는지 확인하고 싶습니다.

이미 종료된 별도 상담 기록
표본 트레이를 구입한 계정의 공유 자료 링크를 검색에 노출하지 않으려 합니다. 링크를 받은 팀원은 계속 볼 수 있어야 하고 구매 권한은 유지할 겁니다. 자료 링크의 검색 공개와 직접 접근을 따로 관리할 수 있는지 공식 기준을 알고 싶습니다.

표본 트레이 주문을 취소했는데 결제는 여러 장의 기관 선불카드로 나눠 했습니다. 카드 등록을 새로 하려는 요청이 아니에요. 취소 금액이 각 원결제 승인 건에 어떻게 배분되는지 반환 담당자에게 확인하고 싶습니다.
위 별도 상담들은 확인을 마쳐 종료된 기록입니다. 이번에 답변받을 내용은 앞에 적은 새 문의입니다.","shipping","advanced-inquiries-added-v1-015","team-added-synthetic:advanced-inquiries-context-v1"
"adv-add-i-eea82fa9ce12","이미 종료된 별도 상담 기록
표본 트레이 주문은 유지합니다. 운송 안내에는 포장을 쌓아 하역할 수 있다고 적혀 있는데 판매자는 상자 위에 무게를 싣지 말라고 했어요. 파손 여부를 단정하지 않고 이번 화물의 취급 조건이 운송 담당자에게 전달됐는지 확인하고 싶습니다.

표본 트레이를 구입한 계정의 공유 자료 링크를 검색에 노출하지 않으려 합니다. 링크를 받은 팀원은 계속 볼 수 있어야 하고 구매 권한은 유지할 겁니다. 자료 링크의 검색 공개와 직접 접근을 따로 관리할 수 있는지 공식 기준을 알고 싶습니다.
위 상담들은 필요한 확인을 마쳐 종료된 별도 기록이며 아래 현재 요청을 다시 처리한 것으로 보지 않습니다.

이번에 새로 접수한 문의
표본 트레이 주문을 취소했는데 결제는 여러 장의 기관 선불카드로 나눠 했습니다. 카드 등록을 새로 하려는 요청이 아니에요. 취소 금액이 각 원결제 승인 건에 어떻게 배분되는지 반환 담당자에게 확인하고 싶습니다.","refund","advanced-inquiries-added-v1-015","team-added-synthetic:advanced-inquiries-context-v1"
"adv-add-i-ce6c2bc6c9e8","이번에 새로 접수한 문의
표본 트레이 주문을 취소했는데 결제는 여러 장의 기관 선불카드로 나눠 했습니다. 카드 등록을 새로 하려는 요청이 아니에요. 취소 금액이 각 원결제 승인 건에 어떻게 배분되는지 반환 담당자에게 확인하고 싶습니다.

이미 종료된 별도 상담 기록
표본 트레이를 구입한 계정의 공유 자료 링크를 검색에 노출하지 않으려 합니다. 링크를 받은 팀원은 계속 볼 수 있어야 하고 구매 권한은 유지할 겁니다. 자료 링크의 검색 공개와 직접 접근을 따로 관리할 수 있는지 공식 기준을 알고 싶습니다.

표본 트레이 주문은 유지합니다. 운송 안내에는 포장을 쌓아 하역할 수 있다고 적혀 있는데 판매자는 상자 위에 무게를 싣지 말라고 했어요. 파손 여부를 단정하지 않고 이번 화물의 취급 조건이 운송 담당자에게 전달됐는지 확인하고 싶습니다.
위 별도 상담들은 확인을 마쳐 종료된 기록입니다. 이번에 답변받을 내용은 앞에 적은 새 문의입니다.","refund","advanced-inquiries-added-v1-015","team-added-synthetic:advanced-inquiries-context-v1"
"adv-add-i-f8001d818e59","이미 종료된 별도 상담 기록
표본 트레이 주문은 유지합니다. 운송 안내에는 포장을 쌓아 하역할 수 있다고 적혀 있는데 판매자는 상자 위에 무게를 싣지 말라고 했어요. 파손 여부를 단정하지 않고 이번 화물의 취급 조건이 운송 담당자에게 전달됐는지 확인하고 싶습니다.

표본 트레이 주문을 취소했는데 결제는 여러 장의 기관 선불카드로 나눠 했습니다. 카드 등록을 새로 하려는 요청이 아니에요. 취소 금액이 각 원결제 승인 건에 어떻게 배분되는지 반환 담당자에게 확인하고 싶습니다.
위 상담들은 필요한 확인을 마쳐 종료된 별도 기록이며 아래 현재 요청을 다시 처리한 것으로 보지 않습니다.

이번에 새로 접수한 문의
표본 트레이를 구입한 계정의 공유 자료 링크를 검색에 노출하지 않으려 합니다. 링크를 받은 팀원은 계속 볼 수 있어야 하고 구매 권한은 유지할 겁니다. 자료 링크의 검색 공개와 직접 접근을 따로 관리할 수 있는지 공식 기준을 알고 싶습니다.","account","advanced-inquiries-added-v1-015","team-added-synthetic:advanced-inquiries-context-v1"
"adv-add-i-7fe85f83fe67","이번에 새로 접수한 문의
표본 트레이를 구입한 계정의 공유 자료 링크를 검색에 노출하지 않으려 합니다. 링크를 받은 팀원은 계속 볼 수 있어야 하고 구매 권한은 유지할 겁니다. 자료 링크의 검색 공개와 직접 접근을 따로 관리할 수 있는지 공식 기준을 알고 싶습니다.

이미 종료된 별도 상담 기록
표본 트레이 주문을 취소했는데 결제는 여러 장의 기관 선불카드로 나눠 했습니다. 카드 등록을 새로 하려는 요청이 아니에요. 취소 금액이 각 원결제 승인 건에 어떻게 배분되는지 반환 담당자에게 확인하고 싶습니다.

표본 트레이 주문은 유지합니다. 운송 안내에는 포장을 쌓아 하역할 수 있다고 적혀 있는데 판매자는 상자 위에 무게를 싣지 말라고 했어요. 파손 여부를 단정하지 않고 이번 화물의 취급 조건이 운송 담당자에게 전달됐는지 확인하고 싶습니다.
위 별도 상담들은 확인을 마쳐 종료된 기록입니다. 이번에 답변받을 내용은 앞에 적은 새 문의입니다.","account","advanced-inquiries-added-v1-015","team-added-synthetic:advanced-inquiries-context-v1"
"adv-add-i-66ed6c7fae68","이미 종료된 별도 상담 기록
전시 회전판을 취소했는데 구매 당시 받은 가격 조정 승인이 반환 명세에는 반영되지 않은 것 같습니다. 계정 권한이나 회원 등급을 바꾸는 요청은 아닙니다. 최종 승인된 결제 금액과 이번 환급 계산의 기준 금액을 대조하고 싶어요.

전시 회전판 주문은 정상이고 계정에도 들어갈 수 있습니다. 회원 프로필에 선택 입력한 발음 표기를 삭제하고 이름 자체는 유지하려 합니다. 선택 항목만 삭제할 수 있는지와 이미 공유된 화면에 적용되는 범위를 공식 지원에서 확인하고 싶습니다.
위 상담들은 필요한 확인을 마쳐 종료된 별도 기록이며 아래 현재 요청을 다시 처리한 것으로 보지 않습니다.

이번에 새로 접수한 문의
전시 회전판은 계속 받을 생각이고 설치 서비스는 신청하지 않았습니다. 운송 안내에 현장에서 포장을 개봉해야 인도 확인을 할 수 있다고 적혀 있어요. 단순 수령 때 확인해야 하는 범위와 개봉을 보류할 수 있는지 공식 배송 담당자에게 문의하고 싶습니다.","shipping","advanced-inquiries-added-v1-016","team-added-synthetic:advanced-inquiries-context-v1"
"adv-add-i-15e8605a14d1","이번에 새로 접수한 문의
전시 회전판은 계속 받을 생각이고 설치 서비스는 신청하지 않았습니다. 운송 안내에 현장에서 포장을 개봉해야 인도 확인을 할 수 있다고 적혀 있어요. 단순 수령 때 확인해야 하는 범위와 개봉을 보류할 수 있는지 공식 배송 담당자에게 문의하고 싶습니다.

이미 종료된 별도 상담 기록
전시 회전판 주문은 정상이고 계정에도 들어갈 수 있습니다. 회원 프로필에 선택 입력한 발음 표기를 삭제하고 이름 자체는 유지하려 합니다. 선택 항목만 삭제할 수 있는지와 이미 공유된 화면에 적용되는 범위를 공식 지원에서 확인하고 싶습니다.

전시 회전판을 취소했는데 구매 당시 받은 가격 조정 승인이 반환 명세에는 반영되지 않은 것 같습니다. 계정 권한이나 회원 등급을 바꾸는 요청은 아닙니다. 최종 승인된 결제 금액과 이번 환급 계산의 기준 금액을 대조하고 싶어요.
위 별도 상담들은 확인을 마쳐 종료된 기록입니다. 이번에 답변받을 내용은 앞에 적은 새 문의입니다.","shipping","advanced-inquiries-added-v1-016","team-added-synthetic:advanced-inquiries-context-v1"
"adv-add-i-a7445cc929a6","이미 종료된 별도 상담 기록
전시 회전판은 계속 받을 생각이고 설치 서비스는 신청하지 않았습니다. 운송 안내에 현장에서 포장을 개봉해야 인도 확인을 할 수 있다고 적혀 있어요. 단순 수령 때 확인해야 하는 범위와 개봉을 보류할 수 있는지 공식 배송 담당자에게 문의하고 싶습니다.

전시 회전판 주문은 정상이고 계정에도 들어갈 수 있습니다. 회원 프로필에 선택 입력한 발음 표기를 삭제하고 이름 자체는 유지하려 합니다. 선택 항목만 삭제할 수 있는지와 이미 공유된 화면에 적용되는 범위를 공식 지원에서 확인하고 싶습니다.
위 상담들은 필요한 확인을 마쳐 종료된 별도 기록이며 아래 현재 요청을 다시 처리한 것으로 보지 않습니다.

이번에 새로 접수한 문의
전시 회전판을 취소했는데 구매 당시 받은 가격 조정 승인이 반환 명세에는 반영되지 않은 것 같습니다. 계정 권한이나 회원 등급을 바꾸는 요청은 아닙니다. 최종 승인된 결제 금액과 이번 환급 계산의 기준 금액을 대조하고 싶어요.","refund","advanced-inquiries-added-v1-016","team-added-synthetic:advanced-inquiries-context-v1"
"adv-add-i-15a46562f838","이번에 새로 접수한 문의
전시 회전판을 취소했는데 구매 당시 받은 가격 조정 승인이 반환 명세에는 반영되지 않은 것 같습니다. 계정 권한이나 회원 등급을 바꾸는 요청은 아닙니다. 최종 승인된 결제 금액과 이번 환급 계산의 기준 금액을 대조하고 싶어요.

이미 종료된 별도 상담 기록
전시 회전판 주문은 정상이고 계정에도 들어갈 수 있습니다. 회원 프로필에 선택 입력한 발음 표기를 삭제하고 이름 자체는 유지하려 합니다. 선택 항목만 삭제할 수 있는지와 이미 공유된 화면에 적용되는 범위를 공식 지원에서 확인하고 싶습니다.

전시 회전판은 계속 받을 생각이고 설치 서비스는 신청하지 않았습니다. 운송 안내에 현장에서 포장을 개봉해야 인도 확인을 할 수 있다고 적혀 있어요. 단순 수령 때 확인해야 하는 범위와 개봉을 보류할 수 있는지 공식 배송 담당자에게 문의하고 싶습니다.
위 별도 상담들은 확인을 마쳐 종료된 기록입니다. 이번에 답변받을 내용은 앞에 적은 새 문의입니다.","refund","advanced-inquiries-added-v1-016","team-added-synthetic:advanced-inquiries-context-v1"
"adv-add-i-5906f340b255","이미 종료된 별도 상담 기록
전시 회전판은 계속 받을 생각이고 설치 서비스는 신청하지 않았습니다. 운송 안내에 현장에서 포장을 개봉해야 인도 확인을 할 수 있다고 적혀 있어요. 단순 수령 때 확인해야 하는 범위와 개봉을 보류할 수 있는지 공식 배송 담당자에게 문의하고 싶습니다.

전시 회전판을 취소했는데 구매 당시 받은 가격 조정 승인이 반환 명세에는 반영되지 않은 것 같습니다. 계정 권한이나 회원 등급을 바꾸는 요청은 아닙니다. 최종 승인된 결제 금액과 이번 환급 계산의 기준 금액을 대조하고 싶어요.
위 상담들은 필요한 확인을 마쳐 종료된 별도 기록이며 아래 현재 요청을 다시 처리한 것으로 보지 않습니다.

이번에 새로 접수한 문의
전시 회전판 주문은 정상이고 계정에도 들어갈 수 있습니다. 회원 프로필에 선택 입력한 발음 표기를 삭제하고 이름 자체는 유지하려 합니다. 선택 항목만 삭제할 수 있는지와 이미 공유된 화면에 적용되는 범위를 공식 지원에서 확인하고 싶습니다.","account","advanced-inquiries-added-v1-016","team-added-synthetic:advanced-inquiries-context-v1"
"adv-add-i-c179a7b5c33e","이번에 새로 접수한 문의
전시 회전판 주문은 정상이고 계정에도 들어갈 수 있습니다. 회원 프로필에 선택 입력한 발음 표기를 삭제하고 이름 자체는 유지하려 합니다. 선택 항목만 삭제할 수 있는지와 이미 공유된 화면에 적용되는 범위를 공식 지원에서 확인하고 싶습니다.

이미 종료된 별도 상담 기록
전시 회전판을 취소했는데 구매 당시 받은 가격 조정 승인이 반환 명세에는 반영되지 않은 것 같습니다. 계정 권한이나 회원 등급을 바꾸는 요청은 아닙니다. 최종 승인된 결제 금액과 이번 환급 계산의 기준 금액을 대조하고 싶어요.

전시 회전판은 계속 받을 생각이고 설치 서비스는 신청하지 않았습니다. 운송 안내에 현장에서 포장을 개봉해야 인도 확인을 할 수 있다고 적혀 있어요. 단순 수령 때 확인해야 하는 범위와 개봉을 보류할 수 있는지 공식 배송 담당자에게 문의하고 싶습니다.
위 별도 상담들은 확인을 마쳐 종료된 기록입니다. 이번에 답변받을 내용은 앞에 적은 새 문의입니다.","account","advanced-inquiries-added-v1-016","team-added-synthetic:advanced-inquiries-context-v1"
"adv-add-i-a16fe90fded7","이미 종료된 별도 상담 기록
습도 비교 카드 주문 취소를 접수했는데 명세에 환경 처리비가 공제로 잡혀 있습니다. 실제 발송은 아직 없었고 사용한 물품도 없습니다. 이 비용이 어떤 취소 조건에 따라 발생하는지 반환 담당자에게 근거를 확인하고 싶습니다.

습도 비교 카드 회원 화면에서 숫자 표기를 읽기 쉬운 방식으로 바꾸고 싶습니다. 상품 검사 결과를 바꾸는 것이 아니라 계정 화면의 대비나 숫자 서체 설정이 있는지 확인하려 해요. 제공되는 보기 기능과 적용 범위를 공식 계정 지원에 문의하고 싶습니다.
위 상담들은 필요한 확인을 마쳐 종료된 별도 기록이며 아래 현재 요청을 다시 처리한 것으로 보지 않습니다.

이번에 새로 접수한 문의
습도 비교 카드를 받을 때 포장이 밀봉된 상태로 인도되어야 합니다. 운송 담당자는 수량 확인을 위해 외부 봉투를 열 수 있다고 안내했어요. 제품 주문은 유지하며 어떤 포장까지 개봉 가능한지 인도 담당자와 공식적으로 확인하려 합니다.","shipping","advanced-inquiries-added-v1-017","team-added-synthetic:advanced-inquiries-context-v1"
"adv-add-i-9529c18bcd16","이번에 새로 접수한 문의
습도 비교 카드를 받을 때 포장이 밀봉된 상태로 인도되어야 합니다. 운송 담당자는 수량 확인을 위해 외부 봉투를 열 수 있다고 안내했어요. 제품 주문은 유지하며 어떤 포장까지 개봉 가능한지 인도 담당자와 공식적으로 확인하려 합니다.

이미 종료된 별도 상담 기록
습도 비교 카드 회원 화면에서 숫자 표기를 읽기 쉬운 방식으로 바꾸고 싶습니다. 상품 검사 결과를 바꾸는 것이 아니라 계정 화면의 대비나 숫자 서체 설정이 있는지 확인하려 해요. 제공되는 보기 기능과 적용 범위를 공식 계정 지원에 문의하고 싶습니다.

습도 비교 카드 주문 취소를 접수했는데 명세에 환경 처리비가 공제로 잡혀 있습니다. 실제 발송은 아직 없었고 사용한 물품도 없습니다. 이 비용이 어떤 취소 조건에 따라 발생하는지 반환 담당자에게 근거를 확인하고 싶습니다.
위 별도 상담들은 확인을 마쳐 종료된 기록입니다. 이번에 답변받을 내용은 앞에 적은 새 문의입니다.","shipping","advanced-inquiries-added-v1-017","team-added-synthetic:advanced-inquiries-context-v1"
"adv-add-i-378aa2627a08","이미 종료된 별도 상담 기록
습도 비교 카드를 받을 때 포장이 밀봉된 상태로 인도되어야 합니다. 운송 담당자는 수량 확인을 위해 외부 봉투를 열 수 있다고 안내했어요. 제품 주문은 유지하며 어떤 포장까지 개봉 가능한지 인도 담당자와 공식적으로 확인하려 합니다.

습도 비교 카드 회원 화면에서 숫자 표기를 읽기 쉬운 방식으로 바꾸고 싶습니다. 상품 검사 결과를 바꾸는 것이 아니라 계정 화면의 대비나 숫자 서체 설정이 있는지 확인하려 해요. 제공되는 보기 기능과 적용 범위를 공식 계정 지원에 문의하고 싶습니다.
위 상담들은 필요한 확인을 마쳐 종료된 별도 기록이며 아래 현재 요청을 다시 처리한 것으로 보지 않습니다.

이번에 새로 접수한 문의
습도 비교 카드 주문 취소를 접수했는데 명세에 환경 처리비가 공제로 잡혀 있습니다. 실제 발송은 아직 없었고 사용한 물품도 없습니다. 이 비용이 어떤 취소 조건에 따라 발생하는지 반환 담당자에게 근거를 확인하고 싶습니다.","refund","advanced-inquiries-added-v1-017","team-added-synthetic:advanced-inquiries-context-v1"
"adv-add-i-fd8a6cf5cc1e","이번에 새로 접수한 문의
습도 비교 카드 주문 취소를 접수했는데 명세에 환경 처리비가 공제로 잡혀 있습니다. 실제 발송은 아직 없었고 사용한 물품도 없습니다. 이 비용이 어떤 취소 조건에 따라 발생하는지 반환 담당자에게 근거를 확인하고 싶습니다.

이미 종료된 별도 상담 기록
습도 비교 카드 회원 화면에서 숫자 표기를 읽기 쉬운 방식으로 바꾸고 싶습니다. 상품 검사 결과를 바꾸는 것이 아니라 계정 화면의 대비나 숫자 서체 설정이 있는지 확인하려 해요. 제공되는 보기 기능과 적용 범위를 공식 계정 지원에 문의하고 싶습니다.

습도 비교 카드를 받을 때 포장이 밀봉된 상태로 인도되어야 합니다. 운송 담당자는 수량 확인을 위해 외부 봉투를 열 수 있다고 안내했어요. 제품 주문은 유지하며 어떤 포장까지 개봉 가능한지 인도 담당자와 공식적으로 확인하려 합니다.
위 별도 상담들은 확인을 마쳐 종료된 기록입니다. 이번에 답변받을 내용은 앞에 적은 새 문의입니다.","refund","advanced-inquiries-added-v1-017","team-added-synthetic:advanced-inquiries-context-v1"
"adv-add-i-fbcd622122c6","이미 종료된 별도 상담 기록
습도 비교 카드를 받을 때 포장이 밀봉된 상태로 인도되어야 합니다. 운송 담당자는 수량 확인을 위해 외부 봉투를 열 수 있다고 안내했어요. 제품 주문은 유지하며 어떤 포장까지 개봉 가능한지 인도 담당자와 공식적으로 확인하려 합니다.

습도 비교 카드 주문 취소를 접수했는데 명세에 환경 처리비가 공제로 잡혀 있습니다. 실제 발송은 아직 없었고 사용한 물품도 없습니다. 이 비용이 어떤 취소 조건에 따라 발생하는지 반환 담당자에게 근거를 확인하고 싶습니다.
위 상담들은 필요한 확인을 마쳐 종료된 별도 기록이며 아래 현재 요청을 다시 처리한 것으로 보지 않습니다.

이번에 새로 접수한 문의
습도 비교 카드 회원 화면에서 숫자 표기를 읽기 쉬운 방식으로 바꾸고 싶습니다. 상품 검사 결과를 바꾸는 것이 아니라 계정 화면의 대비나 숫자 서체 설정이 있는지 확인하려 해요. 제공되는 보기 기능과 적용 범위를 공식 계정 지원에 문의하고 싶습니다.","account","advanced-inquiries-added-v1-017","team-added-synthetic:advanced-inquiries-context-v1"
"adv-add-i-cd10105a9187","이번에 새로 접수한 문의
습도 비교 카드 회원 화면에서 숫자 표기를 읽기 쉬운 방식으로 바꾸고 싶습니다. 상품 검사 결과를 바꾸는 것이 아니라 계정 화면의 대비나 숫자 서체 설정이 있는지 확인하려 해요. 제공되는 보기 기능과 적용 범위를 공식 계정 지원에 문의하고 싶습니다.

이미 종료된 별도 상담 기록
습도 비교 카드 주문 취소를 접수했는데 명세에 환경 처리비가 공제로 잡혀 있습니다. 실제 발송은 아직 없었고 사용한 물품도 없습니다. 이 비용이 어떤 취소 조건에 따라 발생하는지 반환 담당자에게 근거를 확인하고 싶습니다.

습도 비교 카드를 받을 때 포장이 밀봉된 상태로 인도되어야 합니다. 운송 담당자는 수량 확인을 위해 외부 봉투를 열 수 있다고 안내했어요. 제품 주문은 유지하며 어떤 포장까지 개봉 가능한지 인도 담당자와 공식적으로 확인하려 합니다.
위 별도 상담들은 확인을 마쳐 종료된 기록입니다. 이번에 답변받을 내용은 앞에 적은 새 문의입니다.","account","advanced-inquiries-added-v1-017","team-added-synthetic:advanced-inquiries-context-v1"
"adv-add-i-b3ce7a8b496b","이미 종료된 별도 상담 기록
다국어 전시 명패를 취소했는데 명세에는 본체 가격과 번역 작업비가 함께 반환된 것으로 보입니다. 실제 반환 건이 어떤 결제 항목을 포함하는지 아직 확인하지 못했어요. 제가 추가 청구를 하기 전에 두 항목의 반환 기록을 구분해 확인하고 싶습니다.

명패 구매 계정에서 프로필의 이름 읽는 순서를 설정할 수 있는지 궁금합니다. 배송 라벨이나 이미 발급된 결제 증빙을 바꾸려는 요청은 아닙니다. 성과 이름의 표시 순서가 회원 공개 화면에서 어떻게 관리되는지 공식 설명을 확인하고 싶어요.
위 상담들은 필요한 확인을 마쳐 종료된 별도 기록이며 아래 현재 요청을 다시 처리한 것으로 보지 않습니다.

이번에 새로 접수한 문의
다국어 전시 명패 주문은 그대로 받을 계획입니다. 배송 라벨의 로마자 표기가 건물에서 쓰는 출입 명칭과 달라 보안실이 차량을 다른 곳으로 안내할까 걱정입니다. 계정 이름 정정보다 이번 인도 장소를 식별할 표기를 배송 담당자에게 전달할 공식 방법이 필요해요.","shipping","advanced-inquiries-added-v1-018","team-added-synthetic:advanced-inquiries-context-v1"
"adv-add-i-a919c058455a","이번에 새로 접수한 문의
다국어 전시 명패 주문은 그대로 받을 계획입니다. 배송 라벨의 로마자 표기가 건물에서 쓰는 출입 명칭과 달라 보안실이 차량을 다른 곳으로 안내할까 걱정입니다. 계정 이름 정정보다 이번 인도 장소를 식별할 표기를 배송 담당자에게 전달할 공식 방법이 필요해요.

이미 종료된 별도 상담 기록
명패 구매 계정에서 프로필의 이름 읽는 순서를 설정할 수 있는지 궁금합니다. 배송 라벨이나 이미 발급된 결제 증빙을 바꾸려는 요청은 아닙니다. 성과 이름의 표시 순서가 회원 공개 화면에서 어떻게 관리되는지 공식 설명을 확인하고 싶어요.

다국어 전시 명패를 취소했는데 명세에는 본체 가격과 번역 작업비가 함께 반환된 것으로 보입니다. 실제 반환 건이 어떤 결제 항목을 포함하는지 아직 확인하지 못했어요. 제가 추가 청구를 하기 전에 두 항목의 반환 기록을 구분해 확인하고 싶습니다.
위 별도 상담들은 확인을 마쳐 종료된 기록입니다. 이번에 답변받을 내용은 앞에 적은 새 문의입니다.","shipping","advanced-inquiries-added-v1-018","team-added-synthetic:advanced-inquiries-context-v1"
"adv-add-i-ac7ce6a2ee01","이미 종료된 별도 상담 기록
다국어 전시 명패 주문은 그대로 받을 계획입니다. 배송 라벨의 로마자 표기가 건물에서 쓰는 출입 명칭과 달라 보안실이 차량을 다른 곳으로 안내할까 걱정입니다. 계정 이름 정정보다 이번 인도 장소를 식별할 표기를 배송 담당자에게 전달할 공식 방법이 필요해요.

명패 구매 계정에서 프로필의 이름 읽는 순서를 설정할 수 있는지 궁금합니다. 배송 라벨이나 이미 발급된 결제 증빙을 바꾸려는 요청은 아닙니다. 성과 이름의 표시 순서가 회원 공개 화면에서 어떻게 관리되는지 공식 설명을 확인하고 싶어요.
위 상담들은 필요한 확인을 마쳐 종료된 별도 기록이며 아래 현재 요청을 다시 처리한 것으로 보지 않습니다.

이번에 새로 접수한 문의
다국어 전시 명패를 취소했는데 명세에는 본체 가격과 번역 작업비가 함께 반환된 것으로 보입니다. 실제 반환 건이 어떤 결제 항목을 포함하는지 아직 확인하지 못했어요. 제가 추가 청구를 하기 전에 두 항목의 반환 기록을 구분해 확인하고 싶습니다.","refund","advanced-inquiries-added-v1-018","team-added-synthetic:advanced-inquiries-context-v1"
"adv-add-i-28c85e85965f","이번에 새로 접수한 문의
다국어 전시 명패를 취소했는데 명세에는 본체 가격과 번역 작업비가 함께 반환된 것으로 보입니다. 실제 반환 건이 어떤 결제 항목을 포함하는지 아직 확인하지 못했어요. 제가 추가 청구를 하기 전에 두 항목의 반환 기록을 구분해 확인하고 싶습니다.

이미 종료된 별도 상담 기록
명패 구매 계정에서 프로필의 이름 읽는 순서를 설정할 수 있는지 궁금합니다. 배송 라벨이나 이미 발급된 결제 증빙을 바꾸려는 요청은 아닙니다. 성과 이름의 표시 순서가 회원 공개 화면에서 어떻게 관리되는지 공식 설명을 확인하고 싶어요.

다국어 전시 명패 주문은 그대로 받을 계획입니다. 배송 라벨의 로마자 표기가 건물에서 쓰는 출입 명칭과 달라 보안실이 차량을 다른 곳으로 안내할까 걱정입니다. 계정 이름 정정보다 이번 인도 장소를 식별할 표기를 배송 담당자에게 전달할 공식 방법이 필요해요.
위 별도 상담들은 확인을 마쳐 종료된 기록입니다. 이번에 답변받을 내용은 앞에 적은 새 문의입니다.","refund","advanced-inquiries-added-v1-018","team-added-synthetic:advanced-inquiries-context-v1"
"adv-add-i-6bfd54d58ac2","이미 종료된 별도 상담 기록
다국어 전시 명패 주문은 그대로 받을 계획입니다. 배송 라벨의 로마자 표기가 건물에서 쓰는 출입 명칭과 달라 보안실이 차량을 다른 곳으로 안내할까 걱정입니다. 계정 이름 정정보다 이번 인도 장소를 식별할 표기를 배송 담당자에게 전달할 공식 방법이 필요해요.

다국어 전시 명패를 취소했는데 명세에는 본체 가격과 번역 작업비가 함께 반환된 것으로 보입니다. 실제 반환 건이 어떤 결제 항목을 포함하는지 아직 확인하지 못했어요. 제가 추가 청구를 하기 전에 두 항목의 반환 기록을 구분해 확인하고 싶습니다.
위 상담들은 필요한 확인을 마쳐 종료된 별도 기록이며 아래 현재 요청을 다시 처리한 것으로 보지 않습니다.

이번에 새로 접수한 문의
명패 구매 계정에서 프로필의 이름 읽는 순서를 설정할 수 있는지 궁금합니다. 배송 라벨이나 이미 발급된 결제 증빙을 바꾸려는 요청은 아닙니다. 성과 이름의 표시 순서가 회원 공개 화면에서 어떻게 관리되는지 공식 설명을 확인하고 싶어요.","account","advanced-inquiries-added-v1-018","team-added-synthetic:advanced-inquiries-context-v1"
"adv-add-i-7d77105b0a83","이번에 새로 접수한 문의
명패 구매 계정에서 프로필의 이름 읽는 순서를 설정할 수 있는지 궁금합니다. 배송 라벨이나 이미 발급된 결제 증빙을 바꾸려는 요청은 아닙니다. 성과 이름의 표시 순서가 회원 공개 화면에서 어떻게 관리되는지 공식 설명을 확인하고 싶어요.

이미 종료된 별도 상담 기록
다국어 전시 명패를 취소했는데 명세에는 본체 가격과 번역 작업비가 함께 반환된 것으로 보입니다. 실제 반환 건이 어떤 결제 항목을 포함하는지 아직 확인하지 못했어요. 제가 추가 청구를 하기 전에 두 항목의 반환 기록을 구분해 확인하고 싶습니다.

다국어 전시 명패 주문은 그대로 받을 계획입니다. 배송 라벨의 로마자 표기가 건물에서 쓰는 출입 명칭과 달라 보안실이 차량을 다른 곳으로 안내할까 걱정입니다. 계정 이름 정정보다 이번 인도 장소를 식별할 표기를 배송 담당자에게 전달할 공식 방법이 필요해요.
위 별도 상담들은 확인을 마쳐 종료된 기록입니다. 이번에 답변받을 내용은 앞에 적은 새 문의입니다.","account","advanced-inquiries-added-v1-018","team-added-synthetic:advanced-inquiries-context-v1"
"adv-add-i-1218de4f24b3","이미 종료된 별도 상담 기록
문서 보관판 주문을 취소했는데 반환 금액이 원결제 잔액보다 크게 표시돼요. 돈을 더 달라고 하는 것이 아니라 다른 취소 건이 합산된 것인지 확인하려 합니다. 이번 주문의 반환 명세를 원결제 승인 번호별로 대조할 공식 경로를 알려 주세요.

문서 보관판 구매 계정의 최근 조회 목록이 공동 화면에 보이지 않게 하려 합니다. 저장한 자료나 구매 기록 자체를 삭제하려는 것은 아닙니다. 계정의 최근 활동 표시와 자료 보존을 따로 관리할 수 있는지 공식 지원에서 확인하고 싶습니다.
위 상담들은 필요한 확인을 마쳐 종료된 별도 기록이며 아래 현재 요청을 다시 처리한 것으로 보지 않습니다.

이번에 새로 접수한 문의
문서 보관판은 계속 받을 예정입니다. 배송 장소에서는 외부 상자를 인도 지점에서 회수해 가야 한다고 하는데 일반 배송에 포함되는지 모르겠어요. 상품 반품을 요청하는 것이 아니라 이번 수령 뒤 운송 포장재 처리 범위를 배송 업체에 확인하고 싶습니다.","shipping","advanced-inquiries-added-v1-019","team-added-synthetic:advanced-inquiries-context-v1"
"adv-add-i-91fe89696ea0","이번에 새로 접수한 문의
문서 보관판은 계속 받을 예정입니다. 배송 장소에서는 외부 상자를 인도 지점에서 회수해 가야 한다고 하는데 일반 배송에 포함되는지 모르겠어요. 상품 반품을 요청하는 것이 아니라 이번 수령 뒤 운송 포장재 처리 범위를 배송 업체에 확인하고 싶습니다.

이미 종료된 별도 상담 기록
문서 보관판 구매 계정의 최근 조회 목록이 공동 화면에 보이지 않게 하려 합니다. 저장한 자료나 구매 기록 자체를 삭제하려는 것은 아닙니다. 계정의 최근 활동 표시와 자료 보존을 따로 관리할 수 있는지 공식 지원에서 확인하고 싶습니다.

문서 보관판 주문을 취소했는데 반환 금액이 원결제 잔액보다 크게 표시돼요. 돈을 더 달라고 하는 것이 아니라 다른 취소 건이 합산된 것인지 확인하려 합니다. 이번 주문의 반환 명세를 원결제 승인 번호별로 대조할 공식 경로를 알려 주세요.
위 별도 상담들은 확인을 마쳐 종료된 기록입니다. 이번에 답변받을 내용은 앞에 적은 새 문의입니다.","shipping","advanced-inquiries-added-v1-019","team-added-synthetic:advanced-inquiries-context-v1"
"adv-add-i-6ebf84d6e9c5","이미 종료된 별도 상담 기록
문서 보관판은 계속 받을 예정입니다. 배송 장소에서는 외부 상자를 인도 지점에서 회수해 가야 한다고 하는데 일반 배송에 포함되는지 모르겠어요. 상품 반품을 요청하는 것이 아니라 이번 수령 뒤 운송 포장재 처리 범위를 배송 업체에 확인하고 싶습니다.

문서 보관판 구매 계정의 최근 조회 목록이 공동 화면에 보이지 않게 하려 합니다. 저장한 자료나 구매 기록 자체를 삭제하려는 것은 아닙니다. 계정의 최근 활동 표시와 자료 보존을 따로 관리할 수 있는지 공식 지원에서 확인하고 싶습니다.
위 상담들은 필요한 확인을 마쳐 종료된 별도 기록이며 아래 현재 요청을 다시 처리한 것으로 보지 않습니다.

이번에 새로 접수한 문의
문서 보관판 주문을 취소했는데 반환 금액이 원결제 잔액보다 크게 표시돼요. 돈을 더 달라고 하는 것이 아니라 다른 취소 건이 합산된 것인지 확인하려 합니다. 이번 주문의 반환 명세를 원결제 승인 번호별로 대조할 공식 경로를 알려 주세요.","refund","advanced-inquiries-added-v1-019","team-added-synthetic:advanced-inquiries-context-v1"
"adv-add-i-870ac474f925","이번에 새로 접수한 문의
문서 보관판 주문을 취소했는데 반환 금액이 원결제 잔액보다 크게 표시돼요. 돈을 더 달라고 하는 것이 아니라 다른 취소 건이 합산된 것인지 확인하려 합니다. 이번 주문의 반환 명세를 원결제 승인 번호별로 대조할 공식 경로를 알려 주세요.

이미 종료된 별도 상담 기록
문서 보관판 구매 계정의 최근 조회 목록이 공동 화면에 보이지 않게 하려 합니다. 저장한 자료나 구매 기록 자체를 삭제하려는 것은 아닙니다. 계정의 최근 활동 표시와 자료 보존을 따로 관리할 수 있는지 공식 지원에서 확인하고 싶습니다.

문서 보관판은 계속 받을 예정입니다. 배송 장소에서는 외부 상자를 인도 지점에서 회수해 가야 한다고 하는데 일반 배송에 포함되는지 모르겠어요. 상품 반품을 요청하는 것이 아니라 이번 수령 뒤 운송 포장재 처리 범위를 배송 업체에 확인하고 싶습니다.
위 별도 상담들은 확인을 마쳐 종료된 기록입니다. 이번에 답변받을 내용은 앞에 적은 새 문의입니다.","refund","advanced-inquiries-added-v1-019","team-added-synthetic:advanced-inquiries-context-v1"
"adv-add-i-bacdb2256861","이미 종료된 별도 상담 기록
문서 보관판은 계속 받을 예정입니다. 배송 장소에서는 외부 상자를 인도 지점에서 회수해 가야 한다고 하는데 일반 배송에 포함되는지 모르겠어요. 상품 반품을 요청하는 것이 아니라 이번 수령 뒤 운송 포장재 처리 범위를 배송 업체에 확인하고 싶습니다.

문서 보관판 주문을 취소했는데 반환 금액이 원결제 잔액보다 크게 표시돼요. 돈을 더 달라고 하는 것이 아니라 다른 취소 건이 합산된 것인지 확인하려 합니다. 이번 주문의 반환 명세를 원결제 승인 번호별로 대조할 공식 경로를 알려 주세요.
위 상담들은 필요한 확인을 마쳐 종료된 별도 기록이며 아래 현재 요청을 다시 처리한 것으로 보지 않습니다.

이번에 새로 접수한 문의
문서 보관판 구매 계정의 최근 조회 목록이 공동 화면에 보이지 않게 하려 합니다. 저장한 자료나 구매 기록 자체를 삭제하려는 것은 아닙니다. 계정의 최근 활동 표시와 자료 보존을 따로 관리할 수 있는지 공식 지원에서 확인하고 싶습니다.","account","advanced-inquiries-added-v1-019","team-added-synthetic:advanced-inquiries-context-v1"
"adv-add-i-d2bf06e9f472","이번에 새로 접수한 문의
문서 보관판 구매 계정의 최근 조회 목록이 공동 화면에 보이지 않게 하려 합니다. 저장한 자료나 구매 기록 자체를 삭제하려는 것은 아닙니다. 계정의 최근 활동 표시와 자료 보존을 따로 관리할 수 있는지 공식 지원에서 확인하고 싶습니다.

이미 종료된 별도 상담 기록
문서 보관판 주문을 취소했는데 반환 금액이 원결제 잔액보다 크게 표시돼요. 돈을 더 달라고 하는 것이 아니라 다른 취소 건이 합산된 것인지 확인하려 합니다. 이번 주문의 반환 명세를 원결제 승인 번호별로 대조할 공식 경로를 알려 주세요.

문서 보관판은 계속 받을 예정입니다. 배송 장소에서는 외부 상자를 인도 지점에서 회수해 가야 한다고 하는데 일반 배송에 포함되는지 모르겠어요. 상품 반품을 요청하는 것이 아니라 이번 수령 뒤 운송 포장재 처리 범위를 배송 업체에 확인하고 싶습니다.
위 별도 상담들은 확인을 마쳐 종료된 기록입니다. 이번에 답변받을 내용은 앞에 적은 새 문의입니다.","account","advanced-inquiries-added-v1-019","team-added-synthetic:advanced-inquiries-context-v1"
"adv-add-i-64241792915c","이미 종료된 별도 상담 기록
안내 표지 프레임을 취소했는데 판매자 명세에는 면세 항목, 결제 증빙에는 과세 항목으로 적혀 있습니다. 계정 소속 정보를 바꾸려는 요청은 아니에요. 취소 금액과 세금 반환 항목이 어떤 기준으로 산정됐는지 공식 반환 내역을 확인하고 싶습니다.

프레임 구매 계정의 프로필 이미지에 대체 설명을 등록할 수 있는지 궁금합니다. 상품 설명이나 배송 메모를 변경하는 것이 아니라 회원 공개 화면에서 사진을 읽는 정보를 관리하려 합니다. 그 기능의 제공 여부와 공개 범위를 계정 지원에서 확인하고 싶어요.
위 상담들은 필요한 확인을 마쳐 종료된 별도 기록이며 아래 현재 요청을 다시 처리한 것으로 보지 않습니다.

이번에 새로 접수한 문의
안내 표지 프레임을 계속 받을 겁니다. 운송 안내의 수량 단위는 세트인데 현장 인수표는 개수 기준이라 대조가 어렵습니다. 누락이나 오배송으로 단정하기 전에 이번 운송 건의 포장 단위와 인도 수량을 공식 배송 기록으로 확인하고 싶어요.","shipping","advanced-inquiries-added-v1-020","team-added-synthetic:advanced-inquiries-context-v1"
"adv-add-i-41cf5cf7d487","이번에 새로 접수한 문의
안내 표지 프레임을 계속 받을 겁니다. 운송 안내의 수량 단위는 세트인데 현장 인수표는 개수 기준이라 대조가 어렵습니다. 누락이나 오배송으로 단정하기 전에 이번 운송 건의 포장 단위와 인도 수량을 공식 배송 기록으로 확인하고 싶어요.

이미 종료된 별도 상담 기록
프레임 구매 계정의 프로필 이미지에 대체 설명을 등록할 수 있는지 궁금합니다. 상품 설명이나 배송 메모를 변경하는 것이 아니라 회원 공개 화면에서 사진을 읽는 정보를 관리하려 합니다. 그 기능의 제공 여부와 공개 범위를 계정 지원에서 확인하고 싶어요.

안내 표지 프레임을 취소했는데 판매자 명세에는 면세 항목, 결제 증빙에는 과세 항목으로 적혀 있습니다. 계정 소속 정보를 바꾸려는 요청은 아니에요. 취소 금액과 세금 반환 항목이 어떤 기준으로 산정됐는지 공식 반환 내역을 확인하고 싶습니다.
위 별도 상담들은 확인을 마쳐 종료된 기록입니다. 이번에 답변받을 내용은 앞에 적은 새 문의입니다.","shipping","advanced-inquiries-added-v1-020","team-added-synthetic:advanced-inquiries-context-v1"
"adv-add-i-678d33086a7d","이미 종료된 별도 상담 기록
안내 표지 프레임을 계속 받을 겁니다. 운송 안내의 수량 단위는 세트인데 현장 인수표는 개수 기준이라 대조가 어렵습니다. 누락이나 오배송으로 단정하기 전에 이번 운송 건의 포장 단위와 인도 수량을 공식 배송 기록으로 확인하고 싶어요.

프레임 구매 계정의 프로필 이미지에 대체 설명을 등록할 수 있는지 궁금합니다. 상품 설명이나 배송 메모를 변경하는 것이 아니라 회원 공개 화면에서 사진을 읽는 정보를 관리하려 합니다. 그 기능의 제공 여부와 공개 범위를 계정 지원에서 확인하고 싶어요.
위 상담들은 필요한 확인을 마쳐 종료된 별도 기록이며 아래 현재 요청을 다시 처리한 것으로 보지 않습니다.

이번에 새로 접수한 문의
안내 표지 프레임을 취소했는데 판매자 명세에는 면세 항목, 결제 증빙에는 과세 항목으로 적혀 있습니다. 계정 소속 정보를 바꾸려는 요청은 아니에요. 취소 금액과 세금 반환 항목이 어떤 기준으로 산정됐는지 공식 반환 내역을 확인하고 싶습니다.","refund","advanced-inquiries-added-v1-020","team-added-synthetic:advanced-inquiries-context-v1"
"adv-add-i-1c029f3fcb14","이번에 새로 접수한 문의
안내 표지 프레임을 취소했는데 판매자 명세에는 면세 항목, 결제 증빙에는 과세 항목으로 적혀 있습니다. 계정 소속 정보를 바꾸려는 요청은 아니에요. 취소 금액과 세금 반환 항목이 어떤 기준으로 산정됐는지 공식 반환 내역을 확인하고 싶습니다.

이미 종료된 별도 상담 기록
프레임 구매 계정의 프로필 이미지에 대체 설명을 등록할 수 있는지 궁금합니다. 상품 설명이나 배송 메모를 변경하는 것이 아니라 회원 공개 화면에서 사진을 읽는 정보를 관리하려 합니다. 그 기능의 제공 여부와 공개 범위를 계정 지원에서 확인하고 싶어요.

안내 표지 프레임을 계속 받을 겁니다. 운송 안내의 수량 단위는 세트인데 현장 인수표는 개수 기준이라 대조가 어렵습니다. 누락이나 오배송으로 단정하기 전에 이번 운송 건의 포장 단위와 인도 수량을 공식 배송 기록으로 확인하고 싶어요.
위 별도 상담들은 확인을 마쳐 종료된 기록입니다. 이번에 답변받을 내용은 앞에 적은 새 문의입니다.","refund","advanced-inquiries-added-v1-020","team-added-synthetic:advanced-inquiries-context-v1"
"adv-add-i-985eb8489fee","이미 종료된 별도 상담 기록
안내 표지 프레임을 계속 받을 겁니다. 운송 안내의 수량 단위는 세트인데 현장 인수표는 개수 기준이라 대조가 어렵습니다. 누락이나 오배송으로 단정하기 전에 이번 운송 건의 포장 단위와 인도 수량을 공식 배송 기록으로 확인하고 싶어요.

안내 표지 프레임을 취소했는데 판매자 명세에는 면세 항목, 결제 증빙에는 과세 항목으로 적혀 있습니다. 계정 소속 정보를 바꾸려는 요청은 아니에요. 취소 금액과 세금 반환 항목이 어떤 기준으로 산정됐는지 공식 반환 내역을 확인하고 싶습니다.
위 상담들은 필요한 확인을 마쳐 종료된 별도 기록이며 아래 현재 요청을 다시 처리한 것으로 보지 않습니다.

이번에 새로 접수한 문의
프레임 구매 계정의 프로필 이미지에 대체 설명을 등록할 수 있는지 궁금합니다. 상품 설명이나 배송 메모를 변경하는 것이 아니라 회원 공개 화면에서 사진을 읽는 정보를 관리하려 합니다. 그 기능의 제공 여부와 공개 범위를 계정 지원에서 확인하고 싶어요.","account","advanced-inquiries-added-v1-020","team-added-synthetic:advanced-inquiries-context-v1"
"adv-add-i-5eaaef1f0ba8","이번에 새로 접수한 문의
프레임 구매 계정의 프로필 이미지에 대체 설명을 등록할 수 있는지 궁금합니다. 상품 설명이나 배송 메모를 변경하는 것이 아니라 회원 공개 화면에서 사진을 읽는 정보를 관리하려 합니다. 그 기능의 제공 여부와 공개 범위를 계정 지원에서 확인하고 싶어요.

이미 종료된 별도 상담 기록
안내 표지 프레임을 취소했는데 판매자 명세에는 면세 항목, 결제 증빙에는 과세 항목으로 적혀 있습니다. 계정 소속 정보를 바꾸려는 요청은 아니에요. 취소 금액과 세금 반환 항목이 어떤 기준으로 산정됐는지 공식 반환 내역을 확인하고 싶습니다.

안내 표지 프레임을 계속 받을 겁니다. 운송 안내의 수량 단위는 세트인데 현장 인수표는 개수 기준이라 대조가 어렵습니다. 누락이나 오배송으로 단정하기 전에 이번 운송 건의 포장 단위와 인도 수량을 공식 배송 기록으로 확인하고 싶어요.
위 별도 상담들은 확인을 마쳐 종료된 기록입니다. 이번에 답변받을 내용은 앞에 적은 새 문의입니다.","account","advanced-inquiries-added-v1-020","team-added-synthetic:advanced-inquiries-context-v1"
"adv-add-i-735df383c6fc","이미 종료된 별도 상담 기록
차광막을 취소한 뒤 결제 반환 안내에는 송금 수수료가 붙어 있습니다. 원래 카드로 결제했는데 별도 송금에 동의한 기억은 없어요. 이번 환급이 어떤 수단으로 접수됐는지와 수수료 적용 근거를 공식 반환 담당자에게 확인하고 싶습니다.

차광막 자료를 보는 계정에서 읽지 않은 항목 표시를 초기화하고 싶습니다. 실제 문서 읽기 기록이나 구매 이력을 삭제하려는 것은 아니에요. 표시 상태만 관리할 수 있는지와 다른 기기의 계정 화면에도 반영되는지 확인하고 싶습니다.
위 상담들은 필요한 확인을 마쳐 종료된 별도 기록이며 아래 현재 요청을 다시 처리한 것으로 보지 않습니다.

이번에 새로 접수한 문의
차광막 주문은 유지합니다. 운송 접수표에서 제품 자체의 길이와 접힌 포장 길이가 뒤바뀐 것 같아서 적재 예약을 확정하지 못했어요. 주문 취소가 아니라 이번 화물의 실제 포장 규격을 운송 담당자에게 확인하는 공식 경로가 필요합니다.","shipping","advanced-inquiries-added-v1-021","team-added-synthetic:advanced-inquiries-context-v1"
"adv-add-i-f2cd3eaae576","이번에 새로 접수한 문의
차광막 주문은 유지합니다. 운송 접수표에서 제품 자체의 길이와 접힌 포장 길이가 뒤바뀐 것 같아서 적재 예약을 확정하지 못했어요. 주문 취소가 아니라 이번 화물의 실제 포장 규격을 운송 담당자에게 확인하는 공식 경로가 필요합니다.

이미 종료된 별도 상담 기록
차광막 자료를 보는 계정에서 읽지 않은 항목 표시를 초기화하고 싶습니다. 실제 문서 읽기 기록이나 구매 이력을 삭제하려는 것은 아니에요. 표시 상태만 관리할 수 있는지와 다른 기기의 계정 화면에도 반영되는지 확인하고 싶습니다.

차광막을 취소한 뒤 결제 반환 안내에는 송금 수수료가 붙어 있습니다. 원래 카드로 결제했는데 별도 송금에 동의한 기억은 없어요. 이번 환급이 어떤 수단으로 접수됐는지와 수수료 적용 근거를 공식 반환 담당자에게 확인하고 싶습니다.
위 별도 상담들은 확인을 마쳐 종료된 기록입니다. 이번에 답변받을 내용은 앞에 적은 새 문의입니다.","shipping","advanced-inquiries-added-v1-021","team-added-synthetic:advanced-inquiries-context-v1"
"adv-add-i-f984ed61d191","이미 종료된 별도 상담 기록
차광막 주문은 유지합니다. 운송 접수표에서 제품 자체의 길이와 접힌 포장 길이가 뒤바뀐 것 같아서 적재 예약을 확정하지 못했어요. 주문 취소가 아니라 이번 화물의 실제 포장 규격을 운송 담당자에게 확인하는 공식 경로가 필요합니다.

차광막 자료를 보는 계정에서 읽지 않은 항목 표시를 초기화하고 싶습니다. 실제 문서 읽기 기록이나 구매 이력을 삭제하려는 것은 아니에요. 표시 상태만 관리할 수 있는지와 다른 기기의 계정 화면에도 반영되는지 확인하고 싶습니다.
위 상담들은 필요한 확인을 마쳐 종료된 별도 기록이며 아래 현재 요청을 다시 처리한 것으로 보지 않습니다.

이번에 새로 접수한 문의
차광막을 취소한 뒤 결제 반환 안내에는 송금 수수료가 붙어 있습니다. 원래 카드로 결제했는데 별도 송금에 동의한 기억은 없어요. 이번 환급이 어떤 수단으로 접수됐는지와 수수료 적용 근거를 공식 반환 담당자에게 확인하고 싶습니다.","refund","advanced-inquiries-added-v1-021","team-added-synthetic:advanced-inquiries-context-v1"
"adv-add-i-c9c374c97d82","이번에 새로 접수한 문의
차광막을 취소한 뒤 결제 반환 안내에는 송금 수수료가 붙어 있습니다. 원래 카드로 결제했는데 별도 송금에 동의한 기억은 없어요. 이번 환급이 어떤 수단으로 접수됐는지와 수수료 적용 근거를 공식 반환 담당자에게 확인하고 싶습니다.

이미 종료된 별도 상담 기록
차광막 자료를 보는 계정에서 읽지 않은 항목 표시를 초기화하고 싶습니다. 실제 문서 읽기 기록이나 구매 이력을 삭제하려는 것은 아니에요. 표시 상태만 관리할 수 있는지와 다른 기기의 계정 화면에도 반영되는지 확인하고 싶습니다.

차광막 주문은 유지합니다. 운송 접수표에서 제품 자체의 길이와 접힌 포장 길이가 뒤바뀐 것 같아서 적재 예약을 확정하지 못했어요. 주문 취소가 아니라 이번 화물의 실제 포장 규격을 운송 담당자에게 확인하는 공식 경로가 필요합니다.
위 별도 상담들은 확인을 마쳐 종료된 기록입니다. 이번에 답변받을 내용은 앞에 적은 새 문의입니다.","refund","advanced-inquiries-added-v1-021","team-added-synthetic:advanced-inquiries-context-v1"
"adv-add-i-432131034850","이미 종료된 별도 상담 기록
차광막 주문은 유지합니다. 운송 접수표에서 제품 자체의 길이와 접힌 포장 길이가 뒤바뀐 것 같아서 적재 예약을 확정하지 못했어요. 주문 취소가 아니라 이번 화물의 실제 포장 규격을 운송 담당자에게 확인하는 공식 경로가 필요합니다.

차광막을 취소한 뒤 결제 반환 안내에는 송금 수수료가 붙어 있습니다. 원래 카드로 결제했는데 별도 송금에 동의한 기억은 없어요. 이번 환급이 어떤 수단으로 접수됐는지와 수수료 적용 근거를 공식 반환 담당자에게 확인하고 싶습니다.
위 상담들은 필요한 확인을 마쳐 종료된 별도 기록이며 아래 현재 요청을 다시 처리한 것으로 보지 않습니다.

이번에 새로 접수한 문의
차광막 자료를 보는 계정에서 읽지 않은 항목 표시를 초기화하고 싶습니다. 실제 문서 읽기 기록이나 구매 이력을 삭제하려는 것은 아니에요. 표시 상태만 관리할 수 있는지와 다른 기기의 계정 화면에도 반영되는지 확인하고 싶습니다.","account","advanced-inquiries-added-v1-021","team-added-synthetic:advanced-inquiries-context-v1"
"adv-add-i-174533ceb0cb","이번에 새로 접수한 문의
차광막 자료를 보는 계정에서 읽지 않은 항목 표시를 초기화하고 싶습니다. 실제 문서 읽기 기록이나 구매 이력을 삭제하려는 것은 아니에요. 표시 상태만 관리할 수 있는지와 다른 기기의 계정 화면에도 반영되는지 확인하고 싶습니다.

이미 종료된 별도 상담 기록
차광막을 취소한 뒤 결제 반환 안내에는 송금 수수료가 붙어 있습니다. 원래 카드로 결제했는데 별도 송금에 동의한 기억은 없어요. 이번 환급이 어떤 수단으로 접수됐는지와 수수료 적용 근거를 공식 반환 담당자에게 확인하고 싶습니다.

차광막 주문은 유지합니다. 운송 접수표에서 제품 자체의 길이와 접힌 포장 길이가 뒤바뀐 것 같아서 적재 예약을 확정하지 못했어요. 주문 취소가 아니라 이번 화물의 실제 포장 규격을 운송 담당자에게 확인하는 공식 경로가 필요합니다.
위 별도 상담들은 확인을 마쳐 종료된 기록입니다. 이번에 답변받을 내용은 앞에 적은 새 문의입니다.","account","advanced-inquiries-added-v1-021","team-added-synthetic:advanced-inquiries-context-v1"
"adv-add-i-1c06c3df00bf","이미 종료된 별도 상담 기록
작품 보호 커버 주문을 취소했는데 일부 취소 금액이 수령인 명의의 다른 주문에 반영됐다고 안내받았습니다. 회원 계정을 합치려는 요청이 아닙니다. 제 원결제와 해당 반환 기록이 정확히 연결됐는지 반환 담당자에게 확인하고 싶어요.

작품 보호 커버를 구매한 계정의 게시글에 사용한 서명 문구를 바꾸려 합니다. 기존 게시글 내용이나 주문자 정보는 유지할 겁니다. 회원 기본 서명을 수정하면 과거 글에도 적용되는지 공식 계정 기준을 확인하고 싶습니다.
위 상담들은 필요한 확인을 마쳐 종료된 별도 기록이며 아래 현재 요청을 다시 처리한 것으로 보지 않습니다.

이번에 새로 접수한 문의
작품 보호 커버는 예정대로 받을 생각입니다. 운송 안내에는 상자 방향을 바꾸면 안 된다고 하는데 하역장 진입 시 회전이 필요한 구간이 있어요. 현장에서 가능한 이동 방식이 무엇인지 공식 배송 담당자와 조율하고 싶습니다.","shipping","advanced-inquiries-added-v1-022","team-added-synthetic:advanced-inquiries-context-v1"
"adv-add-i-d12eccb65f3d","이번에 새로 접수한 문의
작품 보호 커버는 예정대로 받을 생각입니다. 운송 안내에는 상자 방향을 바꾸면 안 된다고 하는데 하역장 진입 시 회전이 필요한 구간이 있어요. 현장에서 가능한 이동 방식이 무엇인지 공식 배송 담당자와 조율하고 싶습니다.

이미 종료된 별도 상담 기록
작품 보호 커버를 구매한 계정의 게시글에 사용한 서명 문구를 바꾸려 합니다. 기존 게시글 내용이나 주문자 정보는 유지할 겁니다. 회원 기본 서명을 수정하면 과거 글에도 적용되는지 공식 계정 기준을 확인하고 싶습니다.

작품 보호 커버 주문을 취소했는데 일부 취소 금액이 수령인 명의의 다른 주문에 반영됐다고 안내받았습니다. 회원 계정을 합치려는 요청이 아닙니다. 제 원결제와 해당 반환 기록이 정확히 연결됐는지 반환 담당자에게 확인하고 싶어요.
위 별도 상담들은 확인을 마쳐 종료된 기록입니다. 이번에 답변받을 내용은 앞에 적은 새 문의입니다.","shipping","advanced-inquiries-added-v1-022","team-added-synthetic:advanced-inquiries-context-v1"
"adv-add-i-0f31a7975531","이미 종료된 별도 상담 기록
작품 보호 커버는 예정대로 받을 생각입니다. 운송 안내에는 상자 방향을 바꾸면 안 된다고 하는데 하역장 진입 시 회전이 필요한 구간이 있어요. 현장에서 가능한 이동 방식이 무엇인지 공식 배송 담당자와 조율하고 싶습니다.

작품 보호 커버를 구매한 계정의 게시글에 사용한 서명 문구를 바꾸려 합니다. 기존 게시글 내용이나 주문자 정보는 유지할 겁니다. 회원 기본 서명을 수정하면 과거 글에도 적용되는지 공식 계정 기준을 확인하고 싶습니다.
위 상담들은 필요한 확인을 마쳐 종료된 별도 기록이며 아래 현재 요청을 다시 처리한 것으로 보지 않습니다.

이번에 새로 접수한 문의
작품 보호 커버 주문을 취소했는데 일부 취소 금액이 수령인 명의의 다른 주문에 반영됐다고 안내받았습니다. 회원 계정을 합치려는 요청이 아닙니다. 제 원결제와 해당 반환 기록이 정확히 연결됐는지 반환 담당자에게 확인하고 싶어요.","refund","advanced-inquiries-added-v1-022","team-added-synthetic:advanced-inquiries-context-v1"
"adv-add-i-eb7b5b9cd5fb","이번에 새로 접수한 문의
작품 보호 커버 주문을 취소했는데 일부 취소 금액이 수령인 명의의 다른 주문에 반영됐다고 안내받았습니다. 회원 계정을 합치려는 요청이 아닙니다. 제 원결제와 해당 반환 기록이 정확히 연결됐는지 반환 담당자에게 확인하고 싶어요.

이미 종료된 별도 상담 기록
작품 보호 커버를 구매한 계정의 게시글에 사용한 서명 문구를 바꾸려 합니다. 기존 게시글 내용이나 주문자 정보는 유지할 겁니다. 회원 기본 서명을 수정하면 과거 글에도 적용되는지 공식 계정 기준을 확인하고 싶습니다.

작품 보호 커버는 예정대로 받을 생각입니다. 운송 안내에는 상자 방향을 바꾸면 안 된다고 하는데 하역장 진입 시 회전이 필요한 구간이 있어요. 현장에서 가능한 이동 방식이 무엇인지 공식 배송 담당자와 조율하고 싶습니다.
위 별도 상담들은 확인을 마쳐 종료된 기록입니다. 이번에 답변받을 내용은 앞에 적은 새 문의입니다.","refund","advanced-inquiries-added-v1-022","team-added-synthetic:advanced-inquiries-context-v1"
"adv-add-i-3d30e903c540","이미 종료된 별도 상담 기록
작품 보호 커버는 예정대로 받을 생각입니다. 운송 안내에는 상자 방향을 바꾸면 안 된다고 하는데 하역장 진입 시 회전이 필요한 구간이 있어요. 현장에서 가능한 이동 방식이 무엇인지 공식 배송 담당자와 조율하고 싶습니다.

작품 보호 커버 주문을 취소했는데 일부 취소 금액이 수령인 명의의 다른 주문에 반영됐다고 안내받았습니다. 회원 계정을 합치려는 요청이 아닙니다. 제 원결제와 해당 반환 기록이 정확히 연결됐는지 반환 담당자에게 확인하고 싶어요.
위 상담들은 필요한 확인을 마쳐 종료된 별도 기록이며 아래 현재 요청을 다시 처리한 것으로 보지 않습니다.

이번에 새로 접수한 문의
작품 보호 커버를 구매한 계정의 게시글에 사용한 서명 문구를 바꾸려 합니다. 기존 게시글 내용이나 주문자 정보는 유지할 겁니다. 회원 기본 서명을 수정하면 과거 글에도 적용되는지 공식 계정 기준을 확인하고 싶습니다.","account","advanced-inquiries-added-v1-022","team-added-synthetic:advanced-inquiries-context-v1"
"adv-add-i-c8b7d021a1a1","이번에 새로 접수한 문의
작품 보호 커버를 구매한 계정의 게시글에 사용한 서명 문구를 바꾸려 합니다. 기존 게시글 내용이나 주문자 정보는 유지할 겁니다. 회원 기본 서명을 수정하면 과거 글에도 적용되는지 공식 계정 기준을 확인하고 싶습니다.

이미 종료된 별도 상담 기록
작품 보호 커버 주문을 취소했는데 일부 취소 금액이 수령인 명의의 다른 주문에 반영됐다고 안내받았습니다. 회원 계정을 합치려는 요청이 아닙니다. 제 원결제와 해당 반환 기록이 정확히 연결됐는지 반환 담당자에게 확인하고 싶어요.

작품 보호 커버는 예정대로 받을 생각입니다. 운송 안내에는 상자 방향을 바꾸면 안 된다고 하는데 하역장 진입 시 회전이 필요한 구간이 있어요. 현장에서 가능한 이동 방식이 무엇인지 공식 배송 담당자와 조율하고 싶습니다.
위 별도 상담들은 확인을 마쳐 종료된 기록입니다. 이번에 답변받을 내용은 앞에 적은 새 문의입니다.","account","advanced-inquiries-added-v1-022","team-added-synthetic:advanced-inquiries-context-v1"
"adv-add-i-9a7eabb6c4cc","이미 종료된 별도 상담 기록
조사 기록 보드의 취소를 요청했는데 판매자가 내부 정산 금액을 먼저 확정했다고 합니다. 고객에게 반환할 금액도 확정됐다는 뜻인지는 모르겠어요. 내부 정산과 실제 결제 반환 상태를 구분해서 확인할 공식 경로가 필요합니다.

조사 기록 보드 계정의 프로필 링크를 다른 형태로 표시할 수 있는지 궁금합니다. 계정을 새로 만들거나 자료를 옮기는 요청은 아니에요. 공개 링크 이름을 바꾸면 기존 공유 주소가 어떻게 처리되는지 공식 계정 안내를 확인하고 싶습니다.
위 상담들은 필요한 확인을 마쳐 종료된 별도 기록이며 아래 현재 요청을 다시 처리한 것으로 보지 않습니다.

이번에 새로 접수한 문의
조사 기록 보드는 이번 주문대로 받을 예정입니다. 운송사는 현장 GPS 좌표만 전달받았다고 하는데 인도할 출입구는 좌표에서 떨어진 도로 쪽입니다. 주소록 변경이나 결제 취소가 아니라 실제 인도 접근 경로를 전달할 공식 배송 문의 방법을 알려 주세요.","shipping","advanced-inquiries-added-v1-023","team-added-synthetic:advanced-inquiries-context-v1"
"adv-add-i-d0a3d75bc0ae","이번에 새로 접수한 문의
조사 기록 보드는 이번 주문대로 받을 예정입니다. 운송사는 현장 GPS 좌표만 전달받았다고 하는데 인도할 출입구는 좌표에서 떨어진 도로 쪽입니다. 주소록 변경이나 결제 취소가 아니라 실제 인도 접근 경로를 전달할 공식 배송 문의 방법을 알려 주세요.

이미 종료된 별도 상담 기록
조사 기록 보드 계정의 프로필 링크를 다른 형태로 표시할 수 있는지 궁금합니다. 계정을 새로 만들거나 자료를 옮기는 요청은 아니에요. 공개 링크 이름을 바꾸면 기존 공유 주소가 어떻게 처리되는지 공식 계정 안내를 확인하고 싶습니다.

조사 기록 보드의 취소를 요청했는데 판매자가 내부 정산 금액을 먼저 확정했다고 합니다. 고객에게 반환할 금액도 확정됐다는 뜻인지는 모르겠어요. 내부 정산과 실제 결제 반환 상태를 구분해서 확인할 공식 경로가 필요합니다.
위 별도 상담들은 확인을 마쳐 종료된 기록입니다. 이번에 답변받을 내용은 앞에 적은 새 문의입니다.","shipping","advanced-inquiries-added-v1-023","team-added-synthetic:advanced-inquiries-context-v1"
"adv-add-i-04268bc0c185","이미 종료된 별도 상담 기록
조사 기록 보드는 이번 주문대로 받을 예정입니다. 운송사는 현장 GPS 좌표만 전달받았다고 하는데 인도할 출입구는 좌표에서 떨어진 도로 쪽입니다. 주소록 변경이나 결제 취소가 아니라 실제 인도 접근 경로를 전달할 공식 배송 문의 방법을 알려 주세요.

조사 기록 보드 계정의 프로필 링크를 다른 형태로 표시할 수 있는지 궁금합니다. 계정을 새로 만들거나 자료를 옮기는 요청은 아니에요. 공개 링크 이름을 바꾸면 기존 공유 주소가 어떻게 처리되는지 공식 계정 안내를 확인하고 싶습니다.
위 상담들은 필요한 확인을 마쳐 종료된 별도 기록이며 아래 현재 요청을 다시 처리한 것으로 보지 않습니다.

이번에 새로 접수한 문의
조사 기록 보드의 취소를 요청했는데 판매자가 내부 정산 금액을 먼저 확정했다고 합니다. 고객에게 반환할 금액도 확정됐다는 뜻인지는 모르겠어요. 내부 정산과 실제 결제 반환 상태를 구분해서 확인할 공식 경로가 필요합니다.","refund","advanced-inquiries-added-v1-023","team-added-synthetic:advanced-inquiries-context-v1"
"adv-add-i-5a75f377df3d","이번에 새로 접수한 문의
조사 기록 보드의 취소를 요청했는데 판매자가 내부 정산 금액을 먼저 확정했다고 합니다. 고객에게 반환할 금액도 확정됐다는 뜻인지는 모르겠어요. 내부 정산과 실제 결제 반환 상태를 구분해서 확인할 공식 경로가 필요합니다.

이미 종료된 별도 상담 기록
조사 기록 보드 계정의 프로필 링크를 다른 형태로 표시할 수 있는지 궁금합니다. 계정을 새로 만들거나 자료를 옮기는 요청은 아니에요. 공개 링크 이름을 바꾸면 기존 공유 주소가 어떻게 처리되는지 공식 계정 안내를 확인하고 싶습니다.

조사 기록 보드는 이번 주문대로 받을 예정입니다. 운송사는 현장 GPS 좌표만 전달받았다고 하는데 인도할 출입구는 좌표에서 떨어진 도로 쪽입니다. 주소록 변경이나 결제 취소가 아니라 실제 인도 접근 경로를 전달할 공식 배송 문의 방법을 알려 주세요.
위 별도 상담들은 확인을 마쳐 종료된 기록입니다. 이번에 답변받을 내용은 앞에 적은 새 문의입니다.","refund","advanced-inquiries-added-v1-023","team-added-synthetic:advanced-inquiries-context-v1"
"adv-add-i-48ec036296bd","이미 종료된 별도 상담 기록
조사 기록 보드는 이번 주문대로 받을 예정입니다. 운송사는 현장 GPS 좌표만 전달받았다고 하는데 인도할 출입구는 좌표에서 떨어진 도로 쪽입니다. 주소록 변경이나 결제 취소가 아니라 실제 인도 접근 경로를 전달할 공식 배송 문의 방법을 알려 주세요.

조사 기록 보드의 취소를 요청했는데 판매자가 내부 정산 금액을 먼저 확정했다고 합니다. 고객에게 반환할 금액도 확정됐다는 뜻인지는 모르겠어요. 내부 정산과 실제 결제 반환 상태를 구분해서 확인할 공식 경로가 필요합니다.
위 상담들은 필요한 확인을 마쳐 종료된 별도 기록이며 아래 현재 요청을 다시 처리한 것으로 보지 않습니다.

이번에 새로 접수한 문의
조사 기록 보드 계정의 프로필 링크를 다른 형태로 표시할 수 있는지 궁금합니다. 계정을 새로 만들거나 자료를 옮기는 요청은 아니에요. 공개 링크 이름을 바꾸면 기존 공유 주소가 어떻게 처리되는지 공식 계정 안내를 확인하고 싶습니다.","account","advanced-inquiries-added-v1-023","team-added-synthetic:advanced-inquiries-context-v1"
"adv-add-i-1d61e08aa0eb","이번에 새로 접수한 문의
조사 기록 보드 계정의 프로필 링크를 다른 형태로 표시할 수 있는지 궁금합니다. 계정을 새로 만들거나 자료를 옮기는 요청은 아니에요. 공개 링크 이름을 바꾸면 기존 공유 주소가 어떻게 처리되는지 공식 계정 안내를 확인하고 싶습니다.

이미 종료된 별도 상담 기록
조사 기록 보드의 취소를 요청했는데 판매자가 내부 정산 금액을 먼저 확정했다고 합니다. 고객에게 반환할 금액도 확정됐다는 뜻인지는 모르겠어요. 내부 정산과 실제 결제 반환 상태를 구분해서 확인할 공식 경로가 필요합니다.

조사 기록 보드는 이번 주문대로 받을 예정입니다. 운송사는 현장 GPS 좌표만 전달받았다고 하는데 인도할 출입구는 좌표에서 떨어진 도로 쪽입니다. 주소록 변경이나 결제 취소가 아니라 실제 인도 접근 경로를 전달할 공식 배송 문의 방법을 알려 주세요.
위 별도 상담들은 확인을 마쳐 종료된 기록입니다. 이번에 답변받을 내용은 앞에 적은 새 문의입니다.","account","advanced-inquiries-added-v1-023","team-added-synthetic:advanced-inquiries-context-v1"
"adv-add-i-e67652314f6e","이미 종료된 별도 상담 기록
수집 봉투 주문 취소를 접수했는데 명세에는 품목별 반환액을 반올림한 합계와 실제 반환 총액이 다르게 나옵니다. 상품 수량을 바꾸려는 요청은 아니에요. 반환 계산의 반올림 기준과 최종 결제 취소액을 공식적으로 확인하고 싶습니다.

수집 봉투 구매 계정의 프로필 검색 허용 범위를 조정하고 싶습니다. 제가 만든 자료를 비공개로 바꾸거나 거래를 취소하려는 뜻은 아니에요. 다른 회원이 이름으로 제 계정을 찾는 기능을 제한할 수 있는지 공식 계정 지원에서 확인하려 합니다.
위 상담들은 필요한 확인을 마쳐 종료된 별도 기록이며 아래 현재 요청을 다시 처리한 것으로 보지 않습니다.

이번에 새로 접수한 문의
수집 봉투 주문을 계속 받을 겁니다. 배송 인수표에 포장 봉투 수량만 있고 외부 운송 상자의 개수는 표시되지 않아 현장 하역 공간을 정하기 어렵습니다. 일부 상자가 빠졌다고 단정하지 않고 실제 인도 포장 단위를 공식 배송 담당자에게 확인하고 싶어요.","shipping","advanced-inquiries-added-v1-024","team-added-synthetic:advanced-inquiries-context-v1"
"adv-add-i-bd50664d5ef8","이번에 새로 접수한 문의
수집 봉투 주문을 계속 받을 겁니다. 배송 인수표에 포장 봉투 수량만 있고 외부 운송 상자의 개수는 표시되지 않아 현장 하역 공간을 정하기 어렵습니다. 일부 상자가 빠졌다고 단정하지 않고 실제 인도 포장 단위를 공식 배송 담당자에게 확인하고 싶어요.

이미 종료된 별도 상담 기록
수집 봉투 구매 계정의 프로필 검색 허용 범위를 조정하고 싶습니다. 제가 만든 자료를 비공개로 바꾸거나 거래를 취소하려는 뜻은 아니에요. 다른 회원이 이름으로 제 계정을 찾는 기능을 제한할 수 있는지 공식 계정 지원에서 확인하려 합니다.

수집 봉투 주문 취소를 접수했는데 명세에는 품목별 반환액을 반올림한 합계와 실제 반환 총액이 다르게 나옵니다. 상품 수량을 바꾸려는 요청은 아니에요. 반환 계산의 반올림 기준과 최종 결제 취소액을 공식적으로 확인하고 싶습니다.
위 별도 상담들은 확인을 마쳐 종료된 기록입니다. 이번에 답변받을 내용은 앞에 적은 새 문의입니다.","shipping","advanced-inquiries-added-v1-024","team-added-synthetic:advanced-inquiries-context-v1"
"adv-add-i-8e9b6751785b","이미 종료된 별도 상담 기록
수집 봉투 주문을 계속 받을 겁니다. 배송 인수표에 포장 봉투 수량만 있고 외부 운송 상자의 개수는 표시되지 않아 현장 하역 공간을 정하기 어렵습니다. 일부 상자가 빠졌다고 단정하지 않고 실제 인도 포장 단위를 공식 배송 담당자에게 확인하고 싶어요.

수집 봉투 구매 계정의 프로필 검색 허용 범위를 조정하고 싶습니다. 제가 만든 자료를 비공개로 바꾸거나 거래를 취소하려는 뜻은 아니에요. 다른 회원이 이름으로 제 계정을 찾는 기능을 제한할 수 있는지 공식 계정 지원에서 확인하려 합니다.
위 상담들은 필요한 확인을 마쳐 종료된 별도 기록이며 아래 현재 요청을 다시 처리한 것으로 보지 않습니다.

이번에 새로 접수한 문의
수집 봉투 주문 취소를 접수했는데 명세에는 품목별 반환액을 반올림한 합계와 실제 반환 총액이 다르게 나옵니다. 상품 수량을 바꾸려는 요청은 아니에요. 반환 계산의 반올림 기준과 최종 결제 취소액을 공식적으로 확인하고 싶습니다.","refund","advanced-inquiries-added-v1-024","team-added-synthetic:advanced-inquiries-context-v1"
"adv-add-i-c59cbcf9b6ad","이번에 새로 접수한 문의
수집 봉투 주문 취소를 접수했는데 명세에는 품목별 반환액을 반올림한 합계와 실제 반환 총액이 다르게 나옵니다. 상품 수량을 바꾸려는 요청은 아니에요. 반환 계산의 반올림 기준과 최종 결제 취소액을 공식적으로 확인하고 싶습니다.

이미 종료된 별도 상담 기록
수집 봉투 구매 계정의 프로필 검색 허용 범위를 조정하고 싶습니다. 제가 만든 자료를 비공개로 바꾸거나 거래를 취소하려는 뜻은 아니에요. 다른 회원이 이름으로 제 계정을 찾는 기능을 제한할 수 있는지 공식 계정 지원에서 확인하려 합니다.

수집 봉투 주문을 계속 받을 겁니다. 배송 인수표에 포장 봉투 수량만 있고 외부 운송 상자의 개수는 표시되지 않아 현장 하역 공간을 정하기 어렵습니다. 일부 상자가 빠졌다고 단정하지 않고 실제 인도 포장 단위를 공식 배송 담당자에게 확인하고 싶어요.
위 별도 상담들은 확인을 마쳐 종료된 기록입니다. 이번에 답변받을 내용은 앞에 적은 새 문의입니다.","refund","advanced-inquiries-added-v1-024","team-added-synthetic:advanced-inquiries-context-v1"
"adv-add-i-a92356762acd","이미 종료된 별도 상담 기록
수집 봉투 주문을 계속 받을 겁니다. 배송 인수표에 포장 봉투 수량만 있고 외부 운송 상자의 개수는 표시되지 않아 현장 하역 공간을 정하기 어렵습니다. 일부 상자가 빠졌다고 단정하지 않고 실제 인도 포장 단위를 공식 배송 담당자에게 확인하고 싶어요.

수집 봉투 주문 취소를 접수했는데 명세에는 품목별 반환액을 반올림한 합계와 실제 반환 총액이 다르게 나옵니다. 상품 수량을 바꾸려는 요청은 아니에요. 반환 계산의 반올림 기준과 최종 결제 취소액을 공식적으로 확인하고 싶습니다.
위 상담들은 필요한 확인을 마쳐 종료된 별도 기록이며 아래 현재 요청을 다시 처리한 것으로 보지 않습니다.

이번에 새로 접수한 문의
수집 봉투 구매 계정의 프로필 검색 허용 범위를 조정하고 싶습니다. 제가 만든 자료를 비공개로 바꾸거나 거래를 취소하려는 뜻은 아니에요. 다른 회원이 이름으로 제 계정을 찾는 기능을 제한할 수 있는지 공식 계정 지원에서 확인하려 합니다.","account","advanced-inquiries-added-v1-024","team-added-synthetic:advanced-inquiries-context-v1"
"adv-add-i-2be814148dd7","이번에 새로 접수한 문의
수집 봉투 구매 계정의 프로필 검색 허용 범위를 조정하고 싶습니다. 제가 만든 자료를 비공개로 바꾸거나 거래를 취소하려는 뜻은 아니에요. 다른 회원이 이름으로 제 계정을 찾는 기능을 제한할 수 있는지 공식 계정 지원에서 확인하려 합니다.

이미 종료된 별도 상담 기록
수집 봉투 주문 취소를 접수했는데 명세에는 품목별 반환액을 반올림한 합계와 실제 반환 총액이 다르게 나옵니다. 상품 수량을 바꾸려는 요청은 아니에요. 반환 계산의 반올림 기준과 최종 결제 취소액을 공식적으로 확인하고 싶습니다.

수집 봉투 주문을 계속 받을 겁니다. 배송 인수표에 포장 봉투 수량만 있고 외부 운송 상자의 개수는 표시되지 않아 현장 하역 공간을 정하기 어렵습니다. 일부 상자가 빠졌다고 단정하지 않고 실제 인도 포장 단위를 공식 배송 담당자에게 확인하고 싶어요.
위 별도 상담들은 확인을 마쳐 종료된 기록입니다. 이번에 답변받을 내용은 앞에 적은 새 문의입니다.","account","advanced-inquiries-added-v1-024","team-added-synthetic:advanced-inquiries-context-v1"
"adv-add-i-2ea190939ab6","이미 종료된 별도 상담 기록
비자성 고정판을 취소했는데 판매자는 반환 처리를 취소한 뒤 다시 등록했다고 설명했습니다. 실제로 두 번 지급된 건지 아직 제 결제 내역에서는 확인하지 못했어요. 중복 반환을 가정하지 않고 이번 주문의 유효한 취소 기록과 반환 상태를 대조하고 싶습니다.

고정판을 구매한 계정의 자동 저장 설정을 확인하고 싶습니다. 현재 주문이나 반환 처리는 정상이고 회원 프로필 수정 초안이 언제 저장되는지 궁금해요. 저장하지 않은 변경을 다른 기기에서 이어 볼 수 있는지 공식 계정 설명을 확인하고 싶습니다.
위 상담들은 필요한 확인을 마쳐 종료된 별도 기록이며 아래 현재 요청을 다시 처리한 것으로 보지 않습니다.

이번에 새로 접수한 문의
비자성 고정판은 계속 수령할 계획입니다. 판매자가 자석식 고정 장비를 쓰지 말라고 했는데 운송사의 일반 적재 방식이 어떤지 알 수 없어요. 제품 상태를 단정하지 말고 이번 화물의 취급 조건을 공식 운송 담당자에게 확인하고 싶습니다.","shipping","advanced-inquiries-added-v1-025","team-added-synthetic:advanced-inquiries-context-v1"
"adv-add-i-4c84c5f847e8","이번에 새로 접수한 문의
비자성 고정판은 계속 수령할 계획입니다. 판매자가 자석식 고정 장비를 쓰지 말라고 했는데 운송사의 일반 적재 방식이 어떤지 알 수 없어요. 제품 상태를 단정하지 말고 이번 화물의 취급 조건을 공식 운송 담당자에게 확인하고 싶습니다.

이미 종료된 별도 상담 기록
고정판을 구매한 계정의 자동 저장 설정을 확인하고 싶습니다. 현재 주문이나 반환 처리는 정상이고 회원 프로필 수정 초안이 언제 저장되는지 궁금해요. 저장하지 않은 변경을 다른 기기에서 이어 볼 수 있는지 공식 계정 설명을 확인하고 싶습니다.

비자성 고정판을 취소했는데 판매자는 반환 처리를 취소한 뒤 다시 등록했다고 설명했습니다. 실제로 두 번 지급된 건지 아직 제 결제 내역에서는 확인하지 못했어요. 중복 반환을 가정하지 않고 이번 주문의 유효한 취소 기록과 반환 상태를 대조하고 싶습니다.
위 별도 상담들은 확인을 마쳐 종료된 기록입니다. 이번에 답변받을 내용은 앞에 적은 새 문의입니다.","shipping","advanced-inquiries-added-v1-025","team-added-synthetic:advanced-inquiries-context-v1"
"adv-add-i-cae8c8b71261","이미 종료된 별도 상담 기록
비자성 고정판은 계속 수령할 계획입니다. 판매자가 자석식 고정 장비를 쓰지 말라고 했는데 운송사의 일반 적재 방식이 어떤지 알 수 없어요. 제품 상태를 단정하지 말고 이번 화물의 취급 조건을 공식 운송 담당자에게 확인하고 싶습니다.

고정판을 구매한 계정의 자동 저장 설정을 확인하고 싶습니다. 현재 주문이나 반환 처리는 정상이고 회원 프로필 수정 초안이 언제 저장되는지 궁금해요. 저장하지 않은 변경을 다른 기기에서 이어 볼 수 있는지 공식 계정 설명을 확인하고 싶습니다.
위 상담들은 필요한 확인을 마쳐 종료된 별도 기록이며 아래 현재 요청을 다시 처리한 것으로 보지 않습니다.

이번에 새로 접수한 문의
비자성 고정판을 취소했는데 판매자는 반환 처리를 취소한 뒤 다시 등록했다고 설명했습니다. 실제로 두 번 지급된 건지 아직 제 결제 내역에서는 확인하지 못했어요. 중복 반환을 가정하지 않고 이번 주문의 유효한 취소 기록과 반환 상태를 대조하고 싶습니다.","refund","advanced-inquiries-added-v1-025","team-added-synthetic:advanced-inquiries-context-v1"
"adv-add-i-a49c52e38c9f","이번에 새로 접수한 문의
비자성 고정판을 취소했는데 판매자는 반환 처리를 취소한 뒤 다시 등록했다고 설명했습니다. 실제로 두 번 지급된 건지 아직 제 결제 내역에서는 확인하지 못했어요. 중복 반환을 가정하지 않고 이번 주문의 유효한 취소 기록과 반환 상태를 대조하고 싶습니다.

이미 종료된 별도 상담 기록
고정판을 구매한 계정의 자동 저장 설정을 확인하고 싶습니다. 현재 주문이나 반환 처리는 정상이고 회원 프로필 수정 초안이 언제 저장되는지 궁금해요. 저장하지 않은 변경을 다른 기기에서 이어 볼 수 있는지 공식 계정 설명을 확인하고 싶습니다.

비자성 고정판은 계속 수령할 계획입니다. 판매자가 자석식 고정 장비를 쓰지 말라고 했는데 운송사의 일반 적재 방식이 어떤지 알 수 없어요. 제품 상태를 단정하지 말고 이번 화물의 취급 조건을 공식 운송 담당자에게 확인하고 싶습니다.
위 별도 상담들은 확인을 마쳐 종료된 기록입니다. 이번에 답변받을 내용은 앞에 적은 새 문의입니다.","refund","advanced-inquiries-added-v1-025","team-added-synthetic:advanced-inquiries-context-v1"
"adv-add-i-a5178983638c","이미 종료된 별도 상담 기록
비자성 고정판은 계속 수령할 계획입니다. 판매자가 자석식 고정 장비를 쓰지 말라고 했는데 운송사의 일반 적재 방식이 어떤지 알 수 없어요. 제품 상태를 단정하지 말고 이번 화물의 취급 조건을 공식 운송 담당자에게 확인하고 싶습니다.

비자성 고정판을 취소했는데 판매자는 반환 처리를 취소한 뒤 다시 등록했다고 설명했습니다. 실제로 두 번 지급된 건지 아직 제 결제 내역에서는 확인하지 못했어요. 중복 반환을 가정하지 않고 이번 주문의 유효한 취소 기록과 반환 상태를 대조하고 싶습니다.
위 상담들은 필요한 확인을 마쳐 종료된 별도 기록이며 아래 현재 요청을 다시 처리한 것으로 보지 않습니다.

이번에 새로 접수한 문의
고정판을 구매한 계정의 자동 저장 설정을 확인하고 싶습니다. 현재 주문이나 반환 처리는 정상이고 회원 프로필 수정 초안이 언제 저장되는지 궁금해요. 저장하지 않은 변경을 다른 기기에서 이어 볼 수 있는지 공식 계정 설명을 확인하고 싶습니다.","account","advanced-inquiries-added-v1-025","team-added-synthetic:advanced-inquiries-context-v1"
"adv-add-i-748745e057eb","이번에 새로 접수한 문의
고정판을 구매한 계정의 자동 저장 설정을 확인하고 싶습니다. 현재 주문이나 반환 처리는 정상이고 회원 프로필 수정 초안이 언제 저장되는지 궁금해요. 저장하지 않은 변경을 다른 기기에서 이어 볼 수 있는지 공식 계정 설명을 확인하고 싶습니다.

이미 종료된 별도 상담 기록
비자성 고정판을 취소했는데 판매자는 반환 처리를 취소한 뒤 다시 등록했다고 설명했습니다. 실제로 두 번 지급된 건지 아직 제 결제 내역에서는 확인하지 못했어요. 중복 반환을 가정하지 않고 이번 주문의 유효한 취소 기록과 반환 상태를 대조하고 싶습니다.

비자성 고정판은 계속 수령할 계획입니다. 판매자가 자석식 고정 장비를 쓰지 말라고 했는데 운송사의 일반 적재 방식이 어떤지 알 수 없어요. 제품 상태를 단정하지 말고 이번 화물의 취급 조건을 공식 운송 담당자에게 확인하고 싶습니다.
위 별도 상담들은 확인을 마쳐 종료된 기록입니다. 이번에 답변받을 내용은 앞에 적은 새 문의입니다.","account","advanced-inquiries-added-v1-025","team-added-synthetic:advanced-inquiries-context-v1"
